true_angle,semi_major_axis,semi_minor_axis,eccentricity,convex_hull_area,convex_hull_perimeter,std_x,std_y
0.1,1.524,1.323,0.497,5.789,8.795,0.921,0.873
0.4,1.435,1.378,0.28,5.668,8.688,0.845,0.878
0.0,1.517,1.349,0.457,5.847,8.831,0.879,0.928
0.2,1.399,1.335,0.298,5.304,8.421,0.81,1.017
1.0,1.505,1.368,0.417,5.937,8.843,0.78,0.983
0.3,1.5,1.348,0.44,5.983,8.859,0.933,0.815
1.2,1.47,1.377,0.349,5.99,8.86,0.965,0.876
0.5,1.464,1.396,0.302,6.021,8.862,0.883,0.893
0.6,1.434,1.388,0.25,5.282,8.547,0.819,0.831
1.1,2.778,1.689,0.794,10.58,12.928,0.926,1.107
0.7,1.452,1.344,0.378,5.849,8.775,0.877,0.923
0.9,1.531,1.426,0.364,6.301,9.114,0.858,0.944
0.8,1.459,1.414,0.246,5.578,8.709,0.818,0.924
1.3,1.457,1.396,0.287,6.002,8.899,0.95,0.821
1.5,1.478,1.388,0.345,5.711,8.765,0.8,0.964
1.4,1.456,1.353,0.369,5.533,8.65,0.866,0.886
2.0,1.467,1.346,0.397,5.875,8.749,0.874,0.871
1.8,1.419,1.349,0.31,5.501,8.568,0.949,0.838
2.2,1.53,1.305,0.522,5.511,8.675,0.932,0.801
2.6,1.476,1.436,0.233,5.947,8.924,0.937,0.798
2.3,1.498,1.406,0.345,5.777,8.847,0.887,0.882
2.1,1.525,1.366,0.445,5.989,8.922,0.901,0.831
1.6,1.462,1.389,0.312,5.844,8.822,0.921,0.857
2.4,1.513,1.408,0.366,6.098,9.009,0.894,0.949
2.8,1.488,1.253,0.539,5.08,8.3,0.891,0.83
1.7,1.52,1.33,0.485,5.9,8.878,0.932,0.866
2.5,1.543,1.356,0.477,5.932,8.9,0.863,0.906
3.0,1.488,1.31,0.475,5.703,8.697,0.929,0.816
2.9,1.492,1.431,0.284,6.271,9.071,0.911,0.889
2.7,1.46,1.388,0.312,5.891,8.857,0.86,0.934
3.2,1.416,1.391,0.188,5.405,8.605,0.91,0.837
3.1,1.424,1.367,0.281,5.629,8.641,0.893,0.872
1.9,1.48,1.461,0.162,5.972,8.955,0.927,0.805
3.5,1.484,1.414,0.303,5.962,8.934,0.886,0.895
4.3,1.455,1.346,0.38,5.678,8.702,0.919,0.891
4.0,1.443,1.386,0.279,5.658,8.752,0.922,0.776
3.4,6.272,2.271,0.932,18.72,20.445,1.454,1.018
3.6,1.412,1.386,0.19,5.708,8.694,0.844,0.874
4.5,1.493,1.447,0.244,5.99,8.966,0.872,0.867
3.9,1.442,1.376,0.3,5.797,8.71,0.871,0.884
3.8,1.491,1.465,0.188,5.974,9.011,0.851,0.943
4.2,1.498,1.466,0.204,6.401,9.155,0.887,0.975
3.3,1.478,1.336,0.428,5.635,8.676,0.926,0.858
4.6,1.452,1.379,0.312,5.831,8.763,0.943,0.839
4.1,1.506,1.422,0.33,6.313,9.099,0.961,0.823
3.7,1.446,1.419,0.193,6.055,8.919,0.879,0.978
4.4,1.538,1.369,0.455,6.018,8.965,0.947,0.877
4.7,1.512,1.419,0.345,6.359,9.124,0.77,1.068
4.9,1.504,1.486,0.155,6.474,9.234,0.966,0.855
5.2,1.471,1.425,0.246,6.184,9.037,0.896,0.929
4.8,1.471,1.434,0.223,6.174,9.004,0.904,0.915
5.4,2.526,1.494,0.806,8.387,11.903,0.833,0.979
5.3,1.897,1.787,0.335,8.892,11.128,0.9,0.874
5.1,1.517,1.361,0.442,5.99,8.912,0.893,0.894
5.6,1.508,1.309,0.497,5.342,8.631,0.941,0.879
5.0,1.473,1.395,0.322,5.996,8.86,0.881,0.882
5.8,1.523,1.281,0.541,5.514,8.624,0.849,0.9
5.7,1.511,1.44,0.302,6.346,9.169,0.967,0.862
6.1,1.451,1.438,0.134,5.983,8.932,0.848,0.943
6.2,1.498,1.418,0.324,5.882,8.901,0.916,0.903
6.0,1.516,1.414,0.36,6.289,9.09,0.846,0.955
5.9,1.544,1.314,0.525,5.648,8.78,0.814,0.958
6.5,1.505,1.428,0.315,6.187,9.065,0.95,0.868
7.0,1.501,1.32,0.476,5.156,8.551,0.864,0.85
5.5,1.493,1.387,0.369,6.012,8.927,0.996,0.888
6.9,1.532,1.418,0.378,6.102,9.045,0.865,0.846
7.1,1.517,1.494,0.174,6.756,9.363,0.983,0.937
6.8,1.524,1.45,0.307,6.262,9.155,0.935,0.902
7.4,1.465,1.444,0.169,6.003,8.924,0.881,0.931
6.4,1.526,1.389,0.414,6.33,9.104,0.918,0.959
6.7,1.542,1.464,0.313,6.673,9.317,0.907,0.948
6.6,1.517,1.417,0.357,6.075,9.034,0.857,0.901
6.3,1.709,1.375,0.594,6.71,9.548,0.783,0.915
7.2,1.607,1.35,0.542,5.991,9.02,0.885,0.883
7.9,1.404,1.297,0.382,5.027,8.328,0.8,0.933
7.5,1.504,1.487,0.152,6.498,9.238,0.903,0.917
7.6,1.506,1.419,0.335,6.128,8.993,0.894,0.943
7.7,1.579,1.418,0.441,6.506,9.274,0.95,0.903
8.2,1.52,1.332,0.483,5.938,8.874,0.908,0.889
8.0,1.645,1.319,0.598,5.967,9.02,0.949,0.803
8.4,1.512,1.413,0.356,6.177,9.053,0.858,0.949
8.5,1.502,1.337,0.457,5.709,8.75,0.97,0.844
7.3,1.548,1.309,0.533,5.867,8.833,0.837,0.959
7.8,1.505,1.46,0.242,6.424,9.207,0.922,0.951
8.3,1.494,1.453,0.233,6.329,9.218,1.012,0.891
8.7,1.608,1.344,0.549,6.298,9.132,1.0,0.851
8.6,1.509,1.379,0.406,5.7,8.791,0.997,0.815
8.9,1.535,1.497,0.222,6.704,9.407,0.871,0.927
9.0,1.569,1.439,0.399,6.37,9.247,0.978,0.915
8.8,1.502,1.453,0.253,6.287,9.109,0.943,0.844
9.2,1.565,1.449,0.378,6.394,9.251,1.041,0.84
9.3,1.608,1.288,0.599,5.96,8.976,1.03,0.833
9.4,1.578,1.386,0.478,6.205,9.124,0.826,0.963
9.7,1.504,1.426,0.318,6.195,9.093,0.889,0.958
9.9,1.506,1.486,0.164,6.546,9.295,0.928,0.935
10.1,1.503,1.4,0.364,6.025,9.071,0.962,0.9
8.1,1.47,1.377,0.351,5.766,8.765,0.908,0.87
10.3,1.578,1.486,0.337,6.758,9.471,0.897,0.972
9.8,1.522,1.343,0.47,5.866,8.909,0.879,0.92
10.0,1.525,1.461,0.286,6.482,9.264,0.911,0.945
10.4,1.567,1.481,0.325,7.061,9.521,0.943,0.973
10.2,4.107,1.867,0.891,15.463,15.909,1.057,1.045
10.5,1.622,1.413,0.491,6.455,9.337,0.976,0.873
9.6,1.528,1.39,0.415,6.196,9.038,0.942,0.839
10.9,1.583,1.366,0.506,6.289,9.166,0.959,0.846
10.7,1.578,1.457,0.384,6.54,9.341,1.096,0.816
11.0,1.553,1.515,0.22,6.648,9.421,0.936,0.993
10.8,1.64,1.335,0.581,6.222,9.151,0.92,0.926
11.1,1.543,1.474,0.296,6.607,9.294,0.903,0.925
10.6,1.634,1.453,0.458,6.442,9.32,0.93,0.875
11.3,1.582,1.449,0.401,6.523,9.34,0.949,0.964
11.4,1.549,1.456,0.341,6.294,9.194,0.997,0.788
9.1,1.543,1.278,0.56,5.777,8.752,0.937,0.859
11.6,1.584,1.482,0.354,6.658,9.415,0.975,0.959
11.2,1.571,1.489,0.32,6.579,9.386,0.981,0.895
11.5,1.631,1.32,0.587,6.175,9.228,1.076,0.763
11.8,1.621,1.383,0.521,6.263,9.241,0.903,0.898
9.5,1.481,1.439,0.239,5.965,9.003,0.941,0.903
12.1,1.578,1.489,0.331,6.902,9.525,1.007,0.876
12.0,1.487,1.436,0.259,6.247,9.071,0.938,0.887
12.4,1.591,1.395,0.481,6.499,9.293,1.073,0.785
12.2,1.581,1.476,0.359,6.843,9.511,0.986,0.932
11.9,1.574,1.357,0.507,6.183,9.109,0.863,0.967
12.3,1.546,1.459,0.33,6.425,9.346,0.91,0.904
13.1,1.639,1.507,0.394,6.975,9.668,1.031,0.873
12.5,1.594,1.542,0.254,7.011,9.634,0.954,0.954
13.2,1.612,1.533,0.309,7.217,9.766,1.007,0.964
11.7,1.523,1.466,0.272,6.41,9.311,0.915,0.945
13.3,1.663,1.482,0.453,7.234,9.772,1.037,0.885
12.9,1.548,1.488,0.276,6.743,9.431,0.978,0.928
13.4,1.641,1.49,0.419,7.061,9.664,0.956,0.964
13.0,1.627,1.392,0.518,6.693,9.42,1.036,0.893
12.6,1.596,1.456,0.409,6.596,9.398,1.002,0.959
12.8,1.475,1.375,0.361,5.579,8.729,0.958,0.906
13.6,1.663,1.415,0.526,6.82,9.579,0.959,0.938
13.5,1.571,1.48,0.335,6.835,9.513,0.985,0.896
13.8,1.693,1.429,0.536,6.858,9.632,0.998,0.951
13.9,1.643,1.509,0.395,7.277,9.76,0.965,0.963
12.7,1.538,1.494,0.24,6.443,9.317,0.933,0.933
14.1,1.684,1.477,0.48,7.439,9.89,1.055,0.9
13.7,1.71,1.4,0.574,6.79,9.629,0.998,0.828
14.0,1.583,1.541,0.23,7.28,9.756,1.047,0.929
14.2,2.937,1.648,0.828,13.765,14.565,1.402,0.986
14.3,1.721,1.512,0.477,7.554,9.978,1.081,0.939
14.7,1.676,1.329,0.61,6.313,9.276,1.074,0.815
14.6,1.68,1.491,0.461,7.291,9.83,0.943,1.057
14.5,1.757,1.454,0.561,7.075,9.778,0.902,1.051
15.1,1.639,1.588,0.247,7.815,10.056,1.031,0.991
15.0,1.701,1.503,0.468,7.38,9.907,0.95,1.073
15.3,1.59,1.509,0.315,6.8,9.525,1.056,0.973
15.4,1.705,1.593,0.356,7.73,10.137,1.061,0.991
15.2,1.753,1.474,0.541,7.035,9.806,1.045,0.942
15.5,1.707,1.46,0.518,7.135,9.81,1.05,0.933
15.7,1.68,1.46,0.495,7.003,9.723,1.127,0.879
14.9,1.709,1.532,0.443,7.672,10.036,1.012,0.983
15.6,1.734,1.535,0.465,7.859,10.147,1.049,0.947
16.1,1.716,1.529,0.453,7.327,9.954,1.085,0.941
15.9,1.659,1.558,0.344,6.964,9.764,0.984,0.959
16.0,1.744,1.48,0.53,7.567,10.031,1.233,0.837
16.3,1.649,1.591,0.261,7.715,10.044,0.944,1.057
14.8,1.714,1.43,0.552,7.027,9.697,1.043,0.929
16.4,1.679,1.55,0.384,7.562,10.037,1.015,1.022
16.5,1.714,1.512,0.471,7.446,9.977,1.156,0.871
16.2,1.702,1.56,0.399,7.597,10.096,1.058,0.947
15.8,1.664,1.514,0.415,6.99,9.737,1.041,0.932
16.6,1.633,1.509,0.383,7.257,9.774,1.018,0.959
16.9,1.751,1.534,0.483,7.734,10.179,1.016,1.059
16.7,1.805,1.505,0.552,7.934,10.263,1.112,0.913
14.4,1.723,1.503,0.488,7.283,9.885,1.008,0.986
17.2,1.846,1.517,0.569,7.627,10.276,1.211,0.939
17.3,1.745,1.517,0.494,7.643,10.116,1.116,0.973
17.0,1.801,1.499,0.554,7.668,10.18,1.017,1.082
16.8,1.63,1.534,0.338,7.365,9.84,1.037,0.932
17.5,1.771,1.582,0.45,8.391,10.471,1.192,0.957
17.6,1.776,1.575,0.462,8.21,10.413,1.05,0.98
17.1,1.764,1.508,0.519,7.545,10.077,1.007,1.019
17.7,1.74,1.559,0.444,7.771,10.163,1.039,0.993
18.0,1.832,1.61,0.477,8.499,10.594,1.045,1.059
18.3,1.905,1.587,0.553,8.664,10.809,1.233,0.935
17.4,1.84,1.542,0.546,8.413,10.518,1.064,1.037
17.9,1.726,1.503,0.491,7.127,9.85,1.197,0.876
18.5,1.851,1.564,0.535,8.472,10.6,1.06,1.044
18.8,1.884,1.622,0.509,8.547,10.711,1.102,1.08
18.1,1.873,1.473,0.618,8.016,10.38,1.169,0.938
18.6,1.998,1.563,0.623,8.539,10.721,1.135,1.032
18.9,1.872,1.516,0.587,8.418,10.585,1.316,0.923
18.2,1.931,1.541,0.603,8.467,10.677,1.146,0.97
18.7,1.883,1.586,0.539,8.664,10.821,1.196,1.022
17.8,1.657,1.599,0.262,7.394,9.992,0.949,1.094
19.0,1.897,1.575,0.558,8.755,10.842,1.192,1.048
19.1,1.956,1.502,0.64,8.676,10.812,1.264,0.914
19.2,1.885,1.576,0.549,8.717,10.789,1.158,1.002
19.3,1.868,1.632,0.486,9.082,10.932,1.174,0.993
19.4,1.876,1.573,0.545,8.676,10.857,1.224,0.966
19.5,1.99,1.533,0.637,9.106,11.015,1.131,1.077
18.4,1.866,1.495,0.598,8.327,10.498,1.212,0.998
19.6,1.857,1.666,0.442,9.048,10.93,1.155,1.067
19.7,1.903,1.709,0.44,9.32,11.12,1.258,1.009
19.8,1.883,1.669,0.462,8.874,10.93,1.121,1.046
20.0,1.871,1.603,0.515,8.969,10.902,1.215,0.915
20.1,1.92,1.622,0.535,8.968,10.937,1.234,1.03
19.9,2.005,1.567,0.624,9.198,11.106,1.291,0.991
20.3,1.912,1.571,0.57,8.666,10.784,1.292,0.979
20.2,1.957,1.598,0.577,8.908,10.931,1.159,1.053
20.5,2.014,1.607,0.603,9.357,11.223,1.231,1.018
20.7,1.894,1.647,0.494,9.211,11.046,1.25,1.035
20.8,1.997,1.682,0.539,9.495,11.297,1.177,1.141
21.0,1.902,1.646,0.501,8.98,11.011,1.225,1.049
21.3,2.007,1.669,0.555,9.714,11.364,1.234,1.105
21.2,2.111,1.675,0.609,10.437,11.793,1.278,1.056
20.9,2.033,1.578,0.631,9.452,11.274,1.284,1.062
20.6,1.952,1.646,0.538,9.422,11.211,1.222,1.002
21.4,2.061,1.702,0.564,10.026,11.616,1.177,1.084
21.5,2.037,1.653,0.584,10.09,11.543,1.231,1.029
21.7,2.09,1.624,0.63,9.754,11.468,1.196,1.138
21.8,2.217,1.567,0.707,9.688,11.649,1.414,0.977
21.6,2.076,1.713,0.565,10.318,11.753,1.228,1.038
20.4,1.986,1.574,0.61,9.061,10.999,1.229,1.005
22.0,2.052,1.733,0.535,10.416,11.763,1.271,1.109
21.9,2.153,1.789,0.556,10.321,11.972,1.33,1.045
21.1,2.053,1.627,0.61,9.823,11.455,1.218,1.004
22.2,2.209,1.608,0.686,10.443,11.936,1.433,0.977
22.1,2.087,1.524,0.683,8.597,11.056,1.239,0.951
22.3,2.17,1.683,0.631,10.103,11.838,1.371,0.948
22.4,2.199,1.732,0.616,10.355,11.847,1.115,1.137
22.8,2.136,1.703,0.604,10.644,11.954,1.313,1.078
22.9,2.192,1.713,0.624,11.048,12.127,1.303,1.076
23.3,2.335,1.748,0.663,11.741,12.68,1.364,1.047
23.0,2.201,1.679,0.646,10.816,12.104,1.466,1.059
22.6,2.256,1.696,0.659,10.874,12.123,1.113,1.075
23.1,2.179,1.691,0.631,10.958,12.16,1.419,1.071
23.6,2.259,1.719,0.649,11.23,12.318,1.199,1.038
22.7,2.177,1.659,0.648,10.224,11.917,1.326,1.057
23.2,2.262,1.713,0.653,11.106,12.356,1.321,1.087
23.8,2.357,1.763,0.664,12.253,12.889,1.434,1.011
23.5,2.201,1.668,0.653,10.912,12.071,1.472,1.036
23.7,3.003,2.027,0.738,14.463,15.084,1.363,1.185
23.9,2.284,1.691,0.672,11.173,12.389,1.366,1.128
24.0,2.365,1.676,0.706,11.392,12.529,1.318,1.122
23.4,2.261,1.757,0.63,11.186,12.409,1.6,0.987
24.1,2.399,1.588,0.75,11.03,12.46,1.249,1.12
24.3,2.504,1.704,0.733,12.167,12.986,1.444,1.173
22.5,2.028,1.681,0.559,10.127,11.631,1.177,1.165
24.5,2.423,1.822,0.659,13.012,13.195,1.534,1.102
24.7,2.404,1.765,0.679,12.111,12.898,1.372,1.192
24.2,4.282,2.608,0.793,22.802,18.827,1.551,1.322
24.4,3.747,1.948,0.854,16.418,17.128,1.712,1.114
25.3,2.63,1.8,0.729,13.282,13.739,1.663,0.988
25.2,2.521,1.729,0.728,12.486,13.254,1.631,1.13
25.0,2.476,1.786,0.693,12.372,13.132,1.54,1.055
25.1,2.529,1.734,0.728,12.09,13.246,1.408,1.055
24.6,3.085,1.702,0.834,15.362,15.232,1.69,1.02
25.4,2.588,1.76,0.733,13.347,13.654,1.556,1.158
25.6,2.722,1.815,0.745,13.951,14.061,1.773,1.067
24.9,2.536,1.724,0.733,12.916,13.336,1.658,1.075
24.8,2.357,1.827,0.632,12.719,12.992,1.398,1.129
26.0,2.821,1.824,0.763,14.632,14.531,1.831,1.095
25.7,2.74,1.833,0.743,14.95,14.394,1.66,1.187
25.9,2.716,1.775,0.757,14.037,14.098,1.63,1.108
25.5,2.829,1.706,0.798,13.483,13.9,1.63,1.093
26.1,3.056,1.88,0.788,12.177,13.914,1.587,1.081
26.2,2.684,1.837,0.729,14.874,14.338,1.66,1.165
26.3,2.739,1.881,0.727,15.016,14.413,1.692,1.261
26.4,2.768,1.927,0.718,15.628,14.685,1.859,1.212
26.5,2.755,1.928,0.714,15.758,14.613,1.648,1.217
26.8,3.009,1.929,0.767,17.393,15.557,1.996,1.135
26.9,2.738,1.934,0.708,15.569,14.587,1.678,1.225
27.2,3.001,1.94,0.763,17.401,15.556,1.897,1.165
27.4,3.228,1.89,0.811,17.823,16.246,2.142,1.101
26.7,2.983,1.873,0.778,16.373,15.284,1.85,1.137
27.7,3.393,1.902,0.828,18.707,16.656,2.063,1.194
27.3,3.121,1.781,0.821,16.381,15.399,1.861,1.139
27.6,3.296,1.874,0.823,16.608,16.102,1.798,1.167
25.8,2.703,1.788,0.75,13.61,13.772,1.537,1.121
27.8,3.314,1.943,0.81,18.233,16.507,1.896,1.241
27.5,3.016,1.948,0.763,16.979,15.514,1.7,1.142
27.9,3.572,1.727,0.875,17.048,16.726,2.053,1.219
26.6,2.938,1.802,0.79,15.492,14.979,1.857,1.188
28.1,3.086,1.966,0.771,18.143,15.975,1.862,1.223
28.0,3.383,1.945,0.818,18.899,16.927,2.039,1.203
27.1,2.99,1.91,0.769,16.556,15.305,1.712,1.265
28.2,3.445,1.976,0.819,19.941,17.204,2.2,1.232
28.3,3.214,1.99,0.785,17.289,15.797,1.658,1.186
28.4,3.467,1.991,0.819,20.712,17.317,2.021,1.223
28.6,3.448,2.095,0.794,20.738,17.265,2.117,1.225
27.0,3.057,1.932,0.775,15.809,15.438,1.738,1.156
28.7,3.614,2.043,0.825,20.759,17.761,2.401,1.237
28.8,3.647,1.973,0.841,20.777,17.595,2.104,1.239
29.0,3.577,2.065,0.816,21.167,17.499,1.907,1.231
29.2,3.576,2.099,0.81,21.27,17.642,2.053,1.367
29.3,3.734,2.125,0.822,22.232,17.97,2.021,1.341
29.4,3.425,2.05,0.801,17.963,16.079,1.598,1.429
28.5,3.572,1.957,0.837,20.895,17.569,2.103,1.325
29.1,3.731,1.989,0.846,20.24,17.556,1.804,1.234
29.5,3.729,2.051,0.835,18.392,16.453,1.702,1.339
29.7,3.945,2.108,0.845,18.555,17.061,1.813,1.181
29.8,3.906,2.179,0.83,20.327,17.688,1.842,1.278
30.0,4.458,2.168,0.874,23.779,19.049,2.242,1.314
30.2,4.835,2.153,0.895,21.145,18.188,1.588,1.265
30.3,4.023,2.065,0.858,20.243,17.671,1.909,1.418
28.9,3.395,2.08,0.79,20.091,16.908,1.7,1.282
30.4,3.404,2.163,0.772,16.816,15.885,1.371,1.26
30.7,3.687,2.155,0.811,19.032,16.554,1.59,1.448
30.6,3.832,2.197,0.819,18.661,16.499,1.761,1.471
30.1,3.692,2.192,0.805,20.404,17.219,1.702,1.42
29.6,3.748,2.124,0.824,20.686,17.495,1.965,1.311
30.9,4.752,2.351,0.869,23.35,18.82,1.661,1.361
30.5,5.366,2.119,0.919,18.215,17.129,1.282,1.198
31.0,4.588,2.391,0.854,25.239,19.681,1.709,1.397
31.1,4.119,2.007,0.873,17.427,16.169,1.542,1.233
31.2,3.533,2.136,0.796,16.453,15.73,1.396,1.197
31.3,4.883,2.328,0.879,24.736,19.53,1.971,1.427
31.5,4.073,2.282,0.828,18.51,16.609,1.471,1.432
31.4,4.46,2.334,0.852,19.723,17.435,1.484,1.509
30.8,4.055,2.177,0.844,19.336,17.201,1.648,1.47
31.6,5.564,2.453,0.898,21.444,18.129,1.814,1.542
31.7,5.584,2.386,0.904,21.377,18.168,1.742,1.366
32.0,4.78,2.217,0.886,16.638,16.996,1.32,1.255
31.8,5.161,2.215,0.903,21.067,18.162,1.599,1.227
31.9,6.651,2.593,0.921,23.554,19.248,1.706,1.437
32.3,4.776,2.458,0.857,24.107,19.094,1.702,1.565
32.5,4.791,2.444,0.86,23.101,18.82,1.685,1.554
32.6,4.032,2.426,0.799,19.803,17.353,1.335,1.521
32.8,2.594,1.957,0.656,10.413,12.775,0.888,1.226
32.2,4.527,2.337,0.856,16.152,15.673,1.306,1.394
32.4,5.928,2.506,0.906,19.932,17.631,1.424,1.383
32.7,5.079,2.485,0.872,13.696,14.903,1.22,1.487
33.1,3.052,2.138,0.714,9.581,12.259,1.0,1.247
32.9,5.174,2.536,0.872,21.192,18.455,1.725,1.48
33.2,5.413,2.542,0.883,19.73,17.584,1.184,1.378
33.4,5.875,2.605,0.896,24.241,19.322,1.698,1.513
33.3,5.344,2.563,0.878,17.554,16.753,1.415,1.431
33.6,4.355,2.282,0.852,17.895,16.93,1.36,1.312
33.0,5.961,2.499,0.908,23.992,19.266,1.444,1.466
32.1,7.328,2.572,0.936,24.502,19.773,1.844,1.457
34.0,6.321,2.78,0.898,25.325,19.706,1.874,1.785
34.4,3.74,2.344,0.779,13.219,14.548,1.244,1.443
34.6,3.591,2.286,0.771,14.815,15.239,1.027,1.401
35.1,4.241,2.44,0.818,15.57,15.62,1.183,1.469
35.4,3.679,2.292,0.782,11.867,13.89,1.068,1.457
34.9,7.184,2.96,0.911,20.869,18.125,1.539,1.54
34.8,15.641,3.771,0.971,15.768,16.728,1.412,1.357
35.3,9.798,3.437,0.936,22.816,19.536,1.394,1.491
35.5,11.316,3.522,0.95,19.596,18.454,1.557,1.532
35.6,2.606,1.768,0.735,7.778,11.453,0.832,1.057
35.9,9.075,3.126,0.939,20.566,18.106,1.286,1.312
29.9,62632.473,198.673,1.0,19.752,18.022,1.468,1.355
34.5,39895.525,169.676,1.0,21.245,18.553,1.584,1.489
33.8,37008.259,166.406,1.0,14.768,16.438,1.424,1.469
33.7,83609.098,228.321,1.0,24.954,20.048,1.676,1.551
36.2,7.507,3.078,0.912,24.672,19.614,1.486,1.61
35.2,54760.483,218.168,1.0,14.533,15.701,1.194,1.346
36.3,5.233,2.684,0.858,15.998,15.722,1.175,1.498
33.5,69683.262,235.898,1.0,12.407,14.446,1.247,1.502
36.4,5.254,2.851,0.84,19.223,17.281,1.441,1.812
36.6,5.97,2.824,0.881,15.91,15.922,1.254,1.497
34.1,37040.773,172.183,1.0,17.016,16.923,1.451,1.252
36.9,3.683,2.424,0.753,12.708,14.37,1.327,1.481
35.0,47747.556,204.214,1.0,15.728,17.569,1.469,1.322
37.1,5.781,2.958,0.859,21.739,18.408,1.529,1.555
37.3,3.124,1.706,0.838,11.454,14.185,0.805,1.327
37.2,16.184,4.413,0.962,23.808,19.766,1.556,1.696
37.5,4.398,2.603,0.806,16.317,16.062,1.274,1.466
37.7,8.062,3.465,0.903,27.281,20.763,1.758,1.851
36.1,26768.511,151.478,1.0,22.26,19.33,1.589,1.513
36.0,50446.709,209.774,1.0,14.119,15.141,1.245,1.532
33.9,62605.584,216.243,1.0,11.704,15.763,1.548,1.157
34.3,40595.812,174.758,1.0,20.481,18.661,1.704,1.648
38.0,7.505,3.104,0.91,18.588,17.404,1.296,1.516
38.1,7.589,2.889,0.925,11.903,14.076,1.106,1.407
34.7,54543.184,225.634,1.0,16.434,17.267,1.484,1.55
34.2,56837.419,202.453,1.0,19.104,17.316,1.266,1.439
38.7,7.036,3.167,0.893,20.934,18.141,1.254,1.572
35.7,40875.586,188.715,1.0,12.799,15.456,1.063,1.352
38.9,8.723,3.648,0.908,20.284,18.969,1.242,1.352
37.0,65048.289,227.31,1.0,15.054,16.707,1.11,1.318
35.8,37315.445,191.548,1.0,13.198,15.678,1.214,1.466
36.7,68257.567,243.438,1.0,21.7,18.884,1.444,1.602
39.3,4.445,3.409,0.642,30.6,22.042,1.222,1.702
36.5,117831.905,317.229,1.0,25.857,20.536,1.688,1.613
37.4,59797.986,235.8,1.0,14.738,15.762,1.186,1.653
37.6,74164.674,249.977,1.0,23.085,19.627,1.616,1.488
39.6,5.93,2.83,0.879,16.46,16.829,1.028,1.169
37.8,53114.317,217.312,1.0,15.831,16.25,1.153,1.311
38.3,67586.492,262.056,1.0,22.692,19.497,1.39,1.479
37.9,38723.273,187.776,1.0,19.486,18.308,1.487,1.508
36.8,37039.499,192.411,1.0,13.38,14.962,0.955,1.428
39.8,6.044,2.945,0.873,18.067,17.303,1.148,1.4
38.4,51552.543,238.751,1.0,21.267,19.076,1.742,1.735
39.9,18526.454,142.482,1.0,18.375,18.018,1.101,1.354
38.6,66796.235,251.248,1.0,16.901,16.68,1.212,1.54
38.2,14338.944,112.616,1.0,21.301,18.788,1.139,1.259
38.5,30075.377,177.02,1.0,19.919,18.278,1.295,1.658
39.1,40196.175,210.505,1.0,16.812,18.065,1.137,1.42
39.0,74352.816,278.823,1.0,17.559,17.508,1.357,1.424
38.8,59143.169,242.459,1.0,24.287,19.95,1.574,1.69
40.1,60579.814,237.905,1.0,12.841,14.622,0.886,1.336
39.4,65842.604,272.82,1.0,23.692,20.134,1.48,1.564
39.5,46851.174,212.934,1.0,18.288,16.923,1.316,1.672
41.4,2.526,1.74,0.725,5.529,10.142,0.686,1.226
39.2,55438.818,239.184,1.0,13.173,15.48,0.929,1.296
39.7,64403.606,254.758,1.0,18.707,17.543,1.256,1.491
41.7,11.251,3.741,0.943,13.564,15.237,1.036,1.333
40.4,62180.941,262.997,1.0,19.476,18.159,1.201,1.524
41.8,5.441,2.672,0.871,12.129,14.616,1.228,1.462
40.2,49102.655,235.551,1.0,12.53,15.231,0.975,1.528
40.5,37348.328,192.751,1.0,9.874,12.708,0.874,1.347
42.1,4.787,2.697,0.826,10.772,14.141,0.922,1.227
40.0,55242.692,257.537,1.0,22.085,19.312,1.496,1.931
40.7,41675.541,197.362,1.0,9.873,13.146,0.891,1.18
40.8,5239.213,80.507,1.0,20.152,18.967,1.271,1.604
42.2,40490.957,213.842,1.0,18.035,17.808,1.402,1.522
40.3,37939.551,179.483,1.0,6.506,10.526,0.675,1.043
40.6,71356.623,289.882,1.0,24.353,20.203,1.406,1.65
41.1,39119.312,213.52,1.0,13.058,15.631,1.046,1.425
40.9,36493.098,194.04,1.0,21.061,18.355,1.338,1.547
41.0,38868.986,204.45,1.0,21.159,18.859,1.311,1.637
41.9,61515.976,258.104,1.0,15.263,16.458,1.135,1.453
43.3,7.699,3.439,0.895,17.696,17.205,1.072,1.603
43.4,8.299,3.347,0.915,16.557,16.585,0.951,1.203
41.2,34261.865,178.647,1.0,7.595,11.686,0.77,1.163
41.5,50714.893,239.801,1.0,21.916,19.161,1.397,1.73
41.3,44418.124,226.293,1.0,17.745,17.809,1.473,1.653
42.0,36265.272,194.007,1.0,12.147,15.552,1.055,1.376
43.0,42205.206,219.052,1.0,15.855,16.768,1.265,1.436
41.6,36090.163,200.558,1.0,13.205,14.795,1.092,1.464
44.0,6.458,2.946,0.89,12.33,14.316,0.909,1.362
42.3,41759.77,217.293,1.0,17.863,17.446,1.231,1.581
42.6,57825.86,267.126,1.0,17.933,17.743,1.161,1.402
43.1,53375.626,258.908,1.0,15.694,16.704,1.057,1.504
42.7,46370.107,243.096,1.0,21.386,19.58,1.115,1.306
42.5,46664.859,222.188,1.0,14.609,15.94,1.028,1.565
42.9,38086.869,219.818,1.0,23.198,20.376,1.365,1.436
42.4,63447.528,277.322,1.0,12.484,15.601,1.197,1.568
43.5,35647.258,204.049,1.0,10.667,14.78,1.249,1.517
43.6,30835.66,193.486,1.0,15.757,16.649,1.128,1.54
43.7,15830.957,132.353,1.0,14.82,16.563,1.144,1.447
43.2,95098.004,330.58,1.0,17.843,17.794,1.048,1.344
42.8,40685.118,210.06,1.0,8.738,14.505,1.168,1.368
43.8,43237.686,250.507,1.0,21.804,19.824,1.25,1.52
44.3,15899.011,129.308,1.0,13.973,15.858,1.136,1.611
44.1,62749.634,274.058,1.0,15.545,16.819,0.964,1.418
44.4,56647.576,284.955,1.0,24.156,20.655,1.274,1.529
43.9,76442.701,301.395,1.0,18.037,17.815,1.246,1.469
44.6,48370.485,257.14,1.0,17.637,18.304,1.184,1.577
44.2,39348.987,195.088,1.0,11.429,13.987,0.943,1.591
44.7,59607.635,266.6,1.0,14.927,15.896,0.981,1.337
44.5,21214.223,161.801,1.0,12.373,15.135,0.913,1.297
44.8,57371.264,254.694,1.0,10.927,14.678,0.955,1.442
44.9,8582.92,107.593,1.0,11.19,14.501,1.092,1.443
