true_angle,semi_major_axis,semi_minor_axis,eccentricity,convex_hull_area,convex_hull_perimeter,max_distance,aspect_ratio,area_to_perimeter_ratio,ellipticity
0.0,1.334,1.223,0.398,4.637,7.873,2.635,1.08,0.589,1.064
0.0,1.352,1.141,0.536,4.179,7.622,2.628,0.933,0.548,1.106
0.0,1.361,1.119,0.569,4.306,7.593,2.637,1.131,0.567,1.066
0.0,1.266,1.191,0.338,4.124,7.518,2.551,0.99,0.549,1.091
0.0,1.334,1.206,0.428,4.659,7.839,2.661,0.905,0.594,1.049
0.0,1.303,1.236,0.316,4.347,7.679,2.593,1.05,0.566,1.08
0.0,1.323,1.041,0.617,3.828,7.259,2.647,0.797,0.527,1.095
0.0,1.306,1.165,0.452,3.779,7.376,2.645,0.91,0.512,1.145
0.0,1.317,1.252,0.31,4.606,7.892,2.7,1.011,0.584,1.076
0.0,1.299,1.202,0.38,4.601,7.861,2.674,1.014,0.585,1.069
0.0,1.279,1.252,0.204,4.459,7.791,2.61,0.976,0.572,1.083
0.0,1.25,1.205,0.266,3.941,7.397,2.524,1.016,0.533,1.105
0.0,1.246,1.216,0.217,3.932,7.38,2.467,0.978,0.533,1.102
0.0,1.299,1.217,0.35,4.386,7.777,2.574,1.0,0.564,1.097
0.0,1.364,1.091,0.6,4.23,7.596,2.653,0.934,0.557,1.085
0.0,1.359,1.192,0.48,4.505,7.784,2.64,1.082,0.579,1.07
0.0,1.332,1.242,0.361,4.395,7.778,2.632,1.008,0.565,1.096
0.0,1.344,1.238,0.39,4.93,8.023,2.662,0.98,0.615,1.039
0.0,1.293,1.248,0.263,4.512,7.764,2.614,0.938,0.581,1.063
0.0,1.314,1.246,0.318,4.674,7.924,2.664,1.055,0.59,1.069
0.0,1.349,1.101,0.578,3.961,7.407,2.534,1.021,0.535,1.102
0.0,1.268,1.2,0.322,4.328,7.681,2.606,1.104,0.564,1.085
0.0,1.347,1.239,0.391,4.528,7.869,2.663,1.066,0.575,1.088
0.0,1.311,1.242,0.321,4.237,7.729,2.602,1.096,0.548,1.122
0.0,1.319,1.189,0.433,4.285,7.668,2.695,1.077,0.559,1.092
0.0,1.29,1.157,0.441,4.136,7.53,2.595,0.955,0.549,1.091
0.0,1.324,1.125,0.527,4.241,7.561,2.645,1.172,0.561,1.073
0.0,1.368,1.193,0.489,4.462,7.784,2.641,1.111,0.573,1.081
0.0,1.252,1.148,0.399,4.066,7.414,2.453,0.981,0.548,1.076
0.0,1.308,1.239,0.32,4.157,7.649,2.596,0.991,0.544,1.12
2.0,1.343,1.199,0.45,4.584,7.836,2.636,0.943,0.585,1.066
2.0,1.265,1.205,0.304,4.41,7.655,2.582,1.056,0.576,1.057
2.0,1.327,1.198,0.43,4.53,7.766,2.641,0.922,0.583,1.06
2.0,1.225,1.178,0.276,4.065,7.393,2.442,0.969,0.55,1.07
2.0,1.285,1.155,0.438,4.176,7.515,2.525,0.977,0.556,1.076
2.0,1.24,1.196,0.264,4.159,7.503,2.488,0.993,0.554,1.077
2.0,1.31,1.144,0.487,4.187,7.552,2.604,0.959,0.554,1.084
2.0,1.359,1.243,0.404,4.77,7.973,2.702,1.013,0.598,1.06
2.0,1.354,1.206,0.455,4.443,7.787,2.652,1.069,0.571,1.086
2.0,1.254,1.126,0.44,4.046,7.346,2.481,1.104,0.551,1.061
2.0,1.271,1.137,0.447,4.04,7.402,2.62,1.087,0.546,1.079
2.0,1.247,1.142,0.402,3.933,7.351,2.522,0.923,0.535,1.093
2.0,1.337,1.278,0.294,4.833,8.029,2.701,1.038,0.602,1.061
2.0,1.323,1.254,0.318,4.423,7.797,2.679,0.931,0.567,1.094
2.0,1.359,1.113,0.574,3.93,7.433,2.63,1.069,0.529,1.119
2.0,1.272,1.033,0.583,3.784,7.159,2.5,0.84,0.529,1.078
2.0,1.251,1.102,0.473,3.976,7.309,2.5,0.861,0.544,1.069
2.0,1.314,1.229,0.353,4.497,7.781,2.6,0.969,0.578,1.071
2.0,1.336,1.2,0.439,3.983,7.555,2.605,0.822,0.527,1.14
2.0,1.306,1.149,0.475,4.039,7.472,2.522,0.896,0.541,1.1
2.0,1.287,1.085,0.537,3.923,7.28,2.544,1.216,0.539,1.075
2.0,1.311,1.254,0.292,4.522,7.805,2.618,0.974,0.579,1.072
2.0,1.311,1.225,0.357,4.254,7.775,2.675,1.045,0.547,1.131
2.0,1.289,1.191,0.383,4.247,7.632,2.658,0.899,0.556,1.092
2.0,1.313,1.014,0.635,3.627,7.139,2.534,0.89,0.508,1.118
2.0,1.345,1.191,0.464,4.529,7.825,2.672,1.097,0.579,1.076
2.0,1.303,1.192,0.403,4.351,7.68,2.599,0.973,0.567,1.079
2.0,1.368,1.259,0.391,4.8,8.014,2.704,1.006,0.599,1.065
2.0,1.313,1.154,0.476,4.291,7.59,2.611,0.965,0.565,1.068
2.0,1.32,1.245,0.333,4.639,7.847,2.599,0.967,0.591,1.056
1.0,1.275,1.171,0.395,4.147,7.523,2.628,1.152,0.551,1.086
1.0,1.319,1.167,0.465,4.182,7.575,2.586,0.871,0.552,1.092
1.0,1.349,1.137,0.538,4.119,7.553,2.714,0.92,0.545,1.102
1.0,1.257,1.207,0.28,4.075,7.464,2.517,1.13,0.546,1.088
1.0,1.316,1.225,0.366,4.629,7.864,2.623,0.975,0.589,1.063
1.0,1.316,1.188,0.431,4.277,7.64,2.58,0.987,0.56,1.086
1.0,1.296,1.266,0.212,4.786,7.97,2.602,1.01,0.601,1.056
1.0,1.317,1.255,0.303,4.847,8.017,2.668,0.968,0.605,1.055
1.0,1.298,1.193,0.395,4.376,7.662,2.613,1.122,0.571,1.067
1.0,1.326,1.202,0.422,4.574,7.836,2.673,1.15,0.584,1.068
1.0,1.23,0.986,0.598,3.275,6.787,2.451,0.965,0.482,1.119
1.0,1.333,1.211,0.417,4.63,7.881,2.643,1.076,0.588,1.067
1.0,1.318,1.127,0.518,4.179,7.498,2.608,0.823,0.557,1.07
1.0,1.322,1.082,0.575,3.877,7.361,2.641,0.819,0.527,1.112
1.0,1.317,1.22,0.376,4.247,7.723,2.6,0.975,0.55,1.118
1.0,1.265,1.237,0.209,4.468,7.791,2.605,0.979,0.574,1.081
1.0,1.333,1.126,0.535,3.988,7.534,2.649,1.061,0.529,1.133
1.0,1.329,1.149,0.502,4.351,7.61,2.577,1.061,0.572,1.059
1.0,1.316,1.275,0.248,4.885,8.001,2.647,0.974,0.611,1.043
1.0,1.249,1.045,0.548,3.664,7.115,2.574,1.166,0.515,1.099
1.0,1.35,1.072,0.608,4.116,7.458,2.568,1.178,0.552,1.075
1.0,1.314,1.197,0.413,4.529,7.764,2.679,0.983,0.583,1.059
1.0,1.366,1.128,0.565,4.183,7.586,2.618,1.039,0.551,1.095
1.0,1.332,1.235,0.373,4.708,7.895,2.653,1.104,0.596,1.054
1.0,1.303,1.211,0.369,3.999,7.513,2.628,1.059,0.532,1.123
1.0,1.307,1.096,0.544,4.001,7.343,2.553,1.148,0.545,1.073
1.0,1.259,1.147,0.412,4.001,7.355,2.491,0.863,0.544,1.076
1.0,1.329,1.151,0.5,4.266,7.582,2.673,0.925,0.563,1.072
1.0,1.262,1.198,0.314,4.151,7.537,2.636,0.952,0.551,1.089
1.0,1.287,1.25,0.24,4.517,7.825,2.637,0.947,0.577,1.079
3.0,1.163,1.083,0.364,3.527,6.89,2.321,1.09,0.512,1.071
3.0,1.312,1.204,0.397,4.558,7.778,2.665,1.059,0.586,1.056
3.0,1.282,1.191,0.37,4.319,7.729,2.706,0.956,0.559,1.101
3.0,1.316,1.197,0.416,4.192,7.611,2.61,0.934,0.551,1.1
3.0,1.39,0.986,0.705,3.922,7.37,2.684,0.92,0.532,1.102
3.0,1.201,0.998,0.556,3.446,6.797,2.315,0.977,0.507,1.067
3.0,1.308,1.235,0.331,4.355,7.699,2.592,1.044,0.566,1.083
3.0,1.329,1.132,0.524,4.258,7.602,2.618,1.086,0.56,1.08
3.0,1.313,1.131,0.509,4.223,7.507,2.588,0.931,0.563,1.062
3.0,1.29,1.199,0.369,4.431,7.744,2.596,1.091,0.572,1.077
3.0,1.318,1.226,0.367,4.477,7.774,2.66,0.94,0.576,1.074
3.0,1.338,1.184,0.466,4.48,7.826,2.669,1.007,0.572,1.088
3.0,1.341,1.122,0.548,4.289,7.621,2.649,1.19,0.563,1.078
3.0,1.29,1.195,0.376,4.35,7.65,2.579,0.995,0.569,1.071
3.0,1.304,0.964,0.674,3.468,6.978,2.623,1.153,0.497,1.118
3.0,1.234,1.135,0.391,3.792,7.368,2.66,0.913,0.515,1.139
3.0,1.332,1.103,0.56,4.14,7.567,2.615,1.11,0.547,1.1
3.0,1.339,1.193,0.455,4.623,7.849,2.622,0.911,0.589,1.061
3.0,1.326,1.269,0.289,4.477,7.829,2.614,0.945,0.572,1.089
3.0,1.33,1.157,0.494,4.411,7.684,2.63,0.895,0.574,1.065
3.0,1.323,1.216,0.394,4.517,7.777,2.61,1.016,0.581,1.066
3.0,1.235,1.178,0.302,4.045,7.47,2.571,1.03,0.542,1.098
3.0,1.333,1.203,0.43,4.421,7.762,2.666,1.056,0.57,1.084
3.0,1.27,1.18,0.371,3.951,7.445,2.563,0.99,0.531,1.116
3.0,1.303,1.275,0.209,4.499,7.858,2.663,1.033,0.573,1.092
3.0,1.269,1.12,0.47,3.386,7.001,2.472,0.968,0.484,1.152
3.0,1.219,1.193,0.204,4.072,7.439,2.501,0.945,0.547,1.082
3.0,1.382,1.041,0.658,4.03,7.425,2.621,0.87,0.543,1.089
3.0,1.345,1.197,0.455,4.395,7.705,2.628,1.006,0.57,1.075
3.0,1.34,1.196,0.451,4.508,7.79,2.622,1.124,0.579,1.071
5.0,1.281,1.211,0.327,4.346,7.623,2.568,1.104,0.57,1.064
5.0,1.335,1.232,0.384,4.599,7.91,2.642,1.046,0.581,1.083
5.0,1.252,1.165,0.368,4.186,7.467,2.506,0.916,0.561,1.06
5.0,1.306,1.282,0.191,4.682,7.927,2.655,0.976,0.591,1.068
5.0,1.314,1.22,0.371,4.536,7.792,2.652,0.991,0.582,1.065
5.0,1.262,1.099,0.491,3.961,7.363,2.475,0.945,0.538,1.089
5.0,1.335,1.225,0.397,4.544,7.825,2.641,0.918,0.581,1.072
5.0,1.325,1.139,0.511,4.324,7.645,2.635,1.09,0.566,1.076
5.0,1.331,1.197,0.436,4.571,7.785,2.648,0.882,0.587,1.055
5.0,1.255,1.209,0.267,4.164,7.585,2.614,1.051,0.549,1.099
5.0,1.329,1.257,0.324,4.727,7.975,2.677,0.988,0.593,1.071
5.0,1.308,1.19,0.414,4.397,7.736,2.627,0.848,0.568,1.083
5.0,1.318,1.198,0.417,4.427,7.722,2.628,1.082,0.573,1.072
5.0,1.305,1.25,0.288,4.603,7.835,2.628,1.018,0.588,1.061
5.0,1.246,1.161,0.363,4.204,7.47,2.54,0.959,0.563,1.056
5.0,1.337,1.172,0.481,4.301,7.657,2.714,1.083,0.562,1.085
5.0,1.284,1.216,0.321,4.362,7.705,2.599,1.021,0.566,1.083
5.0,1.295,1.264,0.217,4.792,7.935,2.656,0.954,0.604,1.046
5.0,1.232,1.103,0.446,3.823,7.189,2.503,1.078,0.532,1.076
5.0,1.306,1.125,0.507,3.865,7.379,2.566,1.105,0.524,1.121
5.0,1.255,1.241,0.151,4.303,7.642,2.572,1.017,0.563,1.08
5.0,1.326,1.207,0.413,4.518,7.778,2.599,0.975,0.581,1.066
5.0,1.346,1.211,0.436,4.611,7.842,2.646,0.969,0.588,1.061
5.0,1.291,1.217,0.334,4.378,7.758,2.629,1.059,0.564,1.094
5.0,1.379,1.19,0.506,4.609,7.887,2.649,1.1,0.584,1.074
5.0,1.379,1.255,0.414,5.001,8.119,2.706,1.042,0.616,1.049
5.0,1.361,1.158,0.526,4.35,7.693,2.663,0.879,0.565,1.083
5.0,1.277,1.182,0.378,4.404,7.65,2.562,0.92,0.576,1.057
5.0,1.301,1.208,0.372,4.444,7.7,2.579,0.968,0.577,1.062
5.0,1.32,1.168,0.466,4.434,7.693,2.692,1.161,0.576,1.062
7.0,1.241,1.207,0.233,4.377,7.583,2.516,0.968,0.577,1.045
7.0,1.306,1.237,0.321,4.451,7.744,2.639,1.062,0.575,1.072
7.0,1.294,1.261,0.225,4.735,7.92,2.587,0.999,0.598,1.054
7.0,1.285,1.045,0.582,3.669,7.133,2.56,1.063,0.514,1.103
7.0,1.281,1.267,0.149,4.324,7.724,2.611,0.969,0.56,1.098
7.0,1.294,1.119,0.502,4.091,7.413,2.522,0.916,0.552,1.069
7.0,1.27,1.187,0.357,4.171,7.528,2.527,0.946,0.554,1.081
7.0,1.341,1.12,0.549,4.342,7.623,2.658,0.905,0.57,1.065
7.0,1.33,1.319,0.129,4.954,8.148,2.722,0.975,0.608,1.066
7.0,1.341,1.141,0.525,4.222,7.61,2.68,0.884,0.555,1.091
7.0,1.288,1.149,0.452,3.988,7.472,2.599,0.978,0.534,1.114
7.0,1.33,1.277,0.279,4.848,8.06,2.706,1.066,0.601,1.066
7.0,1.315,1.22,0.373,4.524,7.824,2.602,0.979,0.578,1.077
7.0,1.369,1.069,0.625,4.113,7.569,2.634,1.121,0.543,1.108
7.0,1.331,1.176,0.469,4.411,7.747,2.625,0.865,0.569,1.083
7.0,1.355,1.261,0.366,4.401,7.866,2.642,0.961,0.559,1.119
7.0,1.431,1.112,0.63,4.194,7.672,2.652,0.947,0.547,1.117
7.0,1.346,1.148,0.522,4.294,7.665,2.643,1.138,0.56,1.089
7.0,1.275,1.138,0.451,4.136,7.442,2.515,0.939,0.556,1.065
7.0,1.324,1.235,0.361,4.601,7.859,2.66,1.047,0.585,1.068
7.0,1.371,1.243,0.423,4.406,7.88,2.702,1.026,0.559,1.122
7.0,1.41,1.112,0.615,4.459,7.782,2.747,1.272,0.573,1.081
7.0,1.312,1.188,0.424,4.43,7.702,2.598,0.92,0.575,1.065
7.0,1.35,1.095,0.585,4.127,7.512,2.715,1.212,0.549,1.088
7.0,1.32,1.15,0.491,4.358,7.606,2.574,1.135,0.573,1.056
7.0,1.322,1.122,0.529,4.32,7.646,2.723,1.178,0.565,1.077
7.0,1.259,1.168,0.374,4.101,7.491,2.569,0.992,0.547,1.089
7.0,1.341,1.252,0.358,4.666,7.925,2.626,1.045,0.589,1.071
7.0,1.305,1.266,0.242,4.664,7.932,2.631,1.03,0.588,1.073
7.0,1.376,1.202,0.486,4.543,7.861,2.698,1.108,0.578,1.083
6.0,1.356,1.181,0.491,4.523,7.81,2.689,1.059,0.579,1.073
6.0,1.215,1.169,0.272,4.019,7.387,2.436,0.94,0.544,1.08
6.0,1.35,1.325,0.191,4.887,8.122,2.709,1.026,0.602,1.074
6.0,1.356,1.142,0.539,4.302,7.675,2.686,1.192,0.561,1.09
6.0,1.329,0.924,0.719,3.436,6.985,2.682,1.122,0.492,1.13
6.0,1.239,1.197,0.258,4.026,7.436,2.557,1.035,0.541,1.093
6.0,1.269,1.229,0.249,4.473,7.762,2.585,0.945,0.576,1.072
6.0,1.334,1.3,0.223,4.887,8.063,2.682,0.982,0.606,1.058
6.0,1.305,1.225,0.345,4.722,7.901,2.654,0.975,0.598,1.052
6.0,1.29,1.118,0.499,3.889,7.383,2.657,1.183,0.527,1.115
6.0,1.303,1.234,0.321,4.539,7.781,2.618,0.951,0.583,1.062
6.0,1.392,1.087,0.625,4.016,7.486,2.696,1.104,0.537,1.11
6.0,1.322,1.19,0.435,4.168,7.685,2.637,0.966,0.542,1.127
6.0,1.301,1.242,0.296,4.502,7.814,2.637,1.118,0.576,1.079
6.0,1.287,1.241,0.266,4.585,7.806,2.56,0.997,0.587,1.058
6.0,1.288,1.263,0.197,4.669,7.87,2.581,1.015,0.593,1.056
6.0,1.298,1.155,0.456,4.055,7.432,2.477,0.938,0.546,1.084
6.0,1.307,1.059,0.587,3.775,7.271,2.575,1.134,0.519,1.115
6.0,1.289,1.209,0.347,4.354,7.675,2.631,1.084,0.567,1.077
6.0,1.361,1.209,0.46,4.61,7.875,2.678,0.943,0.585,1.07
6.0,1.316,1.134,0.506,3.783,7.29,2.537,0.962,0.519,1.118
6.0,1.272,1.146,0.435,3.909,7.373,2.535,0.981,0.53,1.107
6.0,1.285,1.184,0.388,4.385,7.65,2.562,0.983,0.573,1.062
6.0,1.344,1.202,0.447,4.576,7.808,2.659,1.05,0.586,1.06
6.0,1.272,1.247,0.196,4.65,7.842,2.618,1.007,0.593,1.053
6.0,1.274,1.222,0.282,4.378,7.723,2.578,1.017,0.567,1.084
6.0,1.323,1.115,0.538,4.168,7.575,2.587,0.847,0.55,1.095
6.0,1.201,1.15,0.288,3.948,7.25,2.407,1.036,0.544,1.06
6.0,1.302,1.233,0.322,4.532,7.792,2.594,0.939,0.582,1.066
6.0,1.327,1.189,0.444,4.324,7.636,2.582,0.997,0.566,1.073
4.0,1.233,1.202,0.224,3.978,7.42,2.494,1.064,0.536,1.101
4.0,1.371,1.057,0.637,3.752,7.316,2.607,1.101,0.513,1.135
4.0,1.323,1.294,0.207,4.828,8.012,2.662,1.001,0.603,1.058
4.0,1.316,1.108,0.54,4.081,7.429,2.562,1.155,0.549,1.076
4.0,1.35,1.254,0.37,4.676,7.954,2.681,0.99,0.588,1.077
4.0,1.252,1.098,0.48,3.887,7.322,2.552,0.915,0.531,1.098
4.0,1.455,1.021,0.712,3.845,7.383,2.66,1.076,0.521,1.128
4.0,1.244,1.181,0.314,3.794,7.319,2.517,1.046,0.518,1.124
4.0,1.291,1.232,0.298,4.652,7.852,2.592,1.028,0.593,1.055
4.0,1.405,1.198,0.522,4.197,7.75,2.682,1.02,0.542,1.139
4.0,1.315,1.164,0.465,4.255,7.6,2.714,1.047,0.56,1.08
4.0,1.281,1.1,0.512,3.603,7.198,2.553,0.912,0.501,1.144
4.0,1.281,1.224,0.296,4.474,7.72,2.547,0.996,0.58,1.06
4.0,1.264,1.202,0.308,3.984,7.45,2.534,0.966,0.535,1.109
4.0,1.4,1.169,0.551,4.313,7.691,2.613,0.959,0.561,1.091
4.0,1.283,1.215,0.321,4.408,7.664,2.593,1.019,0.575,1.06
4.0,1.334,1.162,0.491,3.917,7.438,2.568,0.946,0.527,1.124
4.0,1.312,1.282,0.211,4.81,8.002,2.701,1.004,0.601,1.059
4.0,1.319,1.256,0.306,4.726,7.935,2.636,0.997,0.596,1.06
4.0,1.337,1.254,0.346,4.468,7.8,2.594,1.143,0.573,1.084
4.0,1.314,1.218,0.376,4.654,7.832,2.656,0.916,0.594,1.049
4.0,1.345,1.15,0.519,4.064,7.555,2.646,0.819,0.538,1.117
4.0,1.299,1.19,0.4,4.266,7.609,2.5,1.008,0.561,1.08
4.0,1.312,1.243,0.32,4.618,7.844,2.674,0.959,0.589,1.06
4.0,1.371,1.103,0.594,4.303,7.662,2.685,1.21,0.562,1.086
4.0,1.358,1.185,0.489,4.752,7.92,2.708,0.964,0.6,1.05
4.0,1.326,1.164,0.48,4.109,7.542,2.623,0.899,0.545,1.102
4.0,1.362,1.302,0.295,4.915,8.114,2.7,0.957,0.606,1.066
4.0,1.384,1.033,0.665,3.948,7.403,2.676,1.346,0.533,1.105
4.0,1.337,1.168,0.487,4.412,7.771,2.667,0.925,0.568,1.089
8.0,1.434,1.106,0.636,4.066,7.575,2.694,1.221,0.537,1.123
8.0,1.368,1.208,0.47,4.3,7.775,2.664,0.997,0.553,1.119
8.0,1.335,1.21,0.422,4.492,7.815,2.642,1.015,0.575,1.082
8.0,1.34,1.262,0.337,4.764,7.983,2.678,1.04,0.597,1.064
8.0,1.317,1.128,0.517,4.263,7.605,2.637,1.092,0.561,1.08
8.0,1.358,1.219,0.441,4.407,7.78,2.607,1.041,0.566,1.093
8.0,1.348,1.085,0.593,4.186,7.496,2.636,1.19,0.558,1.068
8.0,1.355,1.182,0.489,4.321,7.689,2.678,1.103,0.562,1.089
8.0,1.334,1.03,0.635,3.77,7.251,2.694,1.244,0.52,1.11
8.0,1.321,1.177,0.453,4.398,7.698,2.676,1.088,0.571,1.072
8.0,1.369,1.073,0.621,4.11,7.509,2.715,1.03,0.547,1.092
8.0,1.297,1.031,0.607,3.693,7.236,2.544,0.922,0.51,1.128
8.0,1.324,1.242,0.347,4.698,7.874,2.66,0.974,0.597,1.05
8.0,1.396,1.17,0.546,4.723,7.968,2.72,1.078,0.593,1.07
8.0,1.315,1.158,0.473,4.247,7.585,2.581,0.928,0.56,1.078
8.0,1.281,1.236,0.265,4.296,7.738,2.672,1.017,0.555,1.109
8.0,1.319,1.202,0.412,4.503,7.783,2.639,0.975,0.579,1.07
8.0,1.35,1.226,0.419,4.575,7.895,2.68,0.959,0.58,1.084
8.0,1.358,1.201,0.466,4.438,7.819,2.655,1.06,0.568,1.096
8.0,1.279,1.166,0.411,4.329,7.635,2.58,0.958,0.567,1.072
8.0,1.34,1.129,0.539,4.273,7.627,2.64,1.18,0.56,1.083
8.0,1.316,1.256,0.299,4.755,7.967,2.687,0.964,0.597,1.062
8.0,1.307,1.161,0.46,4.071,7.496,2.644,0.956,0.543,1.098
8.0,1.315,1.283,0.222,4.911,8.06,2.664,1.029,0.609,1.053
8.0,1.324,1.191,0.436,4.532,7.803,2.694,1.141,0.581,1.069
8.0,1.315,1.274,0.249,4.818,7.969,2.646,0.959,0.605,1.049
8.0,1.331,1.147,0.507,4.064,7.492,2.567,1.025,0.542,1.099
8.0,1.339,1.216,0.419,4.387,7.759,2.666,1.106,0.565,1.092
8.0,1.396,1.218,0.49,4.639,7.961,2.738,1.111,0.583,1.087
8.0,1.347,1.196,0.46,4.631,7.89,2.683,1.018,0.587,1.07
10.0,1.294,1.133,0.483,3.872,7.327,2.504,1.01,0.528,1.104
10.0,1.481,1.064,0.696,4.203,7.66,2.708,0.854,0.549,1.111
10.0,1.3,1.236,0.311,4.741,7.904,2.639,1.058,0.6,1.048
10.0,1.301,1.215,0.358,4.297,7.674,2.536,1.049,0.56,1.091
10.0,1.352,1.2,0.461,4.291,7.777,2.736,1.074,0.552,1.122
10.0,1.413,1.206,0.522,4.225,7.819,2.755,1.053,0.54,1.152
10.0,1.294,1.257,0.238,4.602,7.886,2.681,0.959,0.584,1.075
10.0,1.205,1.158,0.278,3.937,7.257,2.41,0.965,0.542,1.065
10.0,1.418,1.173,0.563,4.259,7.709,2.663,1.007,0.552,1.111
10.0,1.359,1.11,0.577,4.402,7.704,2.675,0.9,0.571,1.073
10.0,1.38,1.21,0.481,4.754,7.966,2.661,1.112,0.597,1.062
10.0,1.343,1.256,0.354,4.85,8.004,2.685,0.973,0.606,1.051
10.0,1.344,1.071,0.604,4.118,7.462,2.596,1.034,0.552,1.076
10.0,1.379,1.051,0.648,3.984,7.427,2.691,0.876,0.536,1.102
10.0,1.288,1.269,0.171,4.753,7.935,2.638,0.97,0.599,1.054
10.0,1.333,1.191,0.449,4.474,7.763,2.642,1.108,0.576,1.072
10.0,1.342,1.303,0.241,4.969,8.129,2.667,1.013,0.611,1.058
10.0,1.312,1.302,0.128,4.587,7.912,2.635,0.981,0.58,1.086
10.0,1.343,1.21,0.435,4.467,7.791,2.672,1.057,0.573,1.081
10.0,1.386,1.158,0.55,4.368,7.755,2.597,1.073,0.563,1.096
10.0,1.352,1.233,0.41,4.742,8.012,2.734,1.09,0.592,1.077
10.0,1.334,1.278,0.288,4.752,7.987,2.64,0.966,0.595,1.068
10.0,1.315,1.283,0.219,4.799,8.031,2.693,1.052,0.597,1.07
10.0,1.365,1.269,0.369,4.792,8.063,2.715,1.014,0.594,1.08
10.0,1.344,1.291,0.279,5.075,8.157,2.691,1.022,0.622,1.043
10.0,1.37,1.276,0.366,4.895,8.123,2.786,0.991,0.603,1.073
10.0,1.325,1.239,0.355,4.635,7.952,2.733,0.967,0.583,1.085
10.0,1.346,1.24,0.389,4.282,7.776,2.593,0.985,0.551,1.124
10.0,1.31,1.273,0.236,4.662,7.944,2.632,1.126,0.587,1.077
10.0,1.301,1.241,0.3,4.52,7.769,2.639,1.042,0.582,1.063
11.0,1.437,1.175,0.576,4.83,8.028,2.758,1.128,0.602,1.062
11.0,1.363,1.142,0.546,4.318,7.671,2.687,0.918,0.563,1.084
11.0,1.362,1.29,0.32,4.904,8.114,2.76,1.057,0.604,1.068
11.0,1.444,0.974,0.739,3.692,7.388,2.772,1.406,0.5,1.176
11.0,1.291,1.162,0.437,4.24,7.574,2.567,1.053,0.56,1.077
11.0,1.369,1.233,0.435,4.892,8.05,2.761,1.022,0.608,1.054
11.0,1.36,1.242,0.408,4.688,7.939,2.671,1.061,0.591,1.07
11.0,1.33,1.253,0.336,4.373,7.836,2.623,1.049,0.558,1.117
11.0,1.271,1.154,0.419,4.177,7.436,2.479,1.07,0.562,1.053
11.0,1.326,1.234,0.365,4.61,7.871,2.713,1.071,0.586,1.069
11.0,1.325,1.146,0.502,4.263,7.683,2.717,0.945,0.555,1.102
11.0,1.353,1.21,0.448,4.416,7.766,2.695,0.986,0.569,1.087
11.0,1.429,1.121,0.62,4.546,7.844,2.767,1.193,0.579,1.077
11.0,1.322,1.312,0.128,5.009,8.117,2.664,0.998,0.617,1.047
11.0,1.336,1.223,0.403,4.325,7.716,2.647,0.93,0.561,1.095
11.0,1.386,1.183,0.521,4.59,7.892,2.667,0.885,0.582,1.08
11.0,1.324,1.207,0.411,4.674,7.855,2.666,1.056,0.595,1.05
11.0,1.296,1.142,0.472,4.144,7.5,2.616,0.844,0.552,1.08
11.0,1.36,1.193,0.481,4.348,7.704,2.625,1.01,0.564,1.086
11.0,1.377,1.128,0.573,4.14,7.558,2.656,1.144,0.548,1.098
11.0,1.331,1.095,0.568,4.07,7.479,2.576,0.988,0.544,1.094
11.0,1.385,1.091,0.617,3.658,7.486,2.644,0.907,0.489,1.219
11.0,1.355,1.281,0.326,4.981,8.123,2.747,1.133,0.613,1.054
11.0,1.437,1.195,0.555,4.806,8.051,2.744,0.973,0.597,1.073
11.0,1.315,1.256,0.296,4.607,7.93,2.7,1.047,0.581,1.086
11.0,1.368,1.276,0.361,5.095,8.173,2.725,1.026,0.623,1.043
11.0,1.277,1.068,0.549,3.848,7.265,2.584,1.213,0.53,1.091
11.0,1.351,1.139,0.537,4.177,7.585,2.644,1.156,0.551,1.096
11.0,1.343,1.216,0.424,4.659,7.909,2.646,1.002,0.589,1.068
11.0,1.376,1.202,0.488,4.205,7.847,2.78,1.386,0.536,1.165
9.0,1.34,1.23,0.397,4.472,7.793,2.639,1.081,0.574,1.081
9.0,1.32,1.134,0.513,4.286,7.562,2.57,0.892,0.567,1.062
9.0,1.342,1.069,0.605,3.996,7.458,2.68,1.096,0.536,1.108
9.0,1.289,1.182,0.398,4.22,7.582,2.559,0.996,0.557,1.084
9.0,1.369,1.295,0.324,5.158,8.252,2.723,0.959,0.625,1.051
9.0,1.35,1.215,0.437,4.6,7.87,2.688,1.094,0.584,1.072
9.0,1.3,1.204,0.378,4.273,7.681,2.677,1.067,0.556,1.099
9.0,1.357,1.234,0.416,4.616,7.951,2.689,1.006,0.581,1.09
9.0,1.365,1.258,0.387,4.8,8.034,2.715,1.077,0.597,1.07
9.0,1.304,1.199,0.393,4.479,7.77,2.637,1.023,0.576,1.073
9.0,1.233,1.183,0.28,3.948,7.378,2.495,1.041,0.535,1.097
9.0,1.367,1.204,0.474,4.729,7.919,2.681,0.907,0.597,1.055
9.0,1.427,1.128,0.612,4.338,7.737,2.661,1.023,0.561,1.098
9.0,1.265,1.226,0.246,4.32,7.674,2.626,1.018,0.563,1.085
9.0,1.331,1.155,0.497,4.257,7.59,2.683,1.155,0.561,1.077
9.0,1.356,1.251,0.386,4.655,7.934,2.682,0.938,0.587,1.076
9.0,1.305,1.129,0.502,4.062,7.497,2.631,0.85,0.542,1.101
9.0,1.324,1.189,0.44,4.572,7.813,2.597,1.011,0.585,1.062
9.0,1.297,1.166,0.437,4.276,7.581,2.604,1.147,0.564,1.07
9.0,1.291,1.245,0.263,4.407,7.878,2.725,0.951,0.559,1.12
9.0,1.336,1.262,0.328,4.798,8.005,2.72,0.985,0.599,1.063
9.0,1.344,1.21,0.435,4.542,7.814,2.684,0.884,0.581,1.07
9.0,1.297,1.171,0.43,4.265,7.608,2.6,1.057,0.561,1.08
9.0,1.325,1.229,0.373,4.704,7.884,2.631,0.999,0.597,1.052
9.0,1.353,1.273,0.338,4.884,8.092,2.742,1.022,0.604,1.067
9.0,1.32,1.234,0.356,4.255,7.688,2.631,0.985,0.553,1.105
9.0,1.352,1.299,0.279,4.925,8.108,2.67,0.968,0.607,1.062
9.0,1.312,1.216,0.375,4.333,7.738,2.623,1.037,0.56,1.1
9.0,1.341,1.129,0.539,4.036,7.531,2.679,0.825,0.536,1.118
9.0,1.329,1.232,0.376,4.479,7.821,2.69,0.989,0.573,1.087
12.0,1.377,1.182,0.513,4.457,7.826,2.598,1.072,0.57,1.093
12.0,1.324,1.043,0.616,3.644,7.152,2.515,0.827,0.51,1.117
12.0,1.396,1.125,0.592,4.189,7.679,2.716,0.833,0.545,1.12
12.0,1.361,1.327,0.223,5.017,8.198,2.725,0.957,0.612,1.066
12.0,1.363,1.217,0.45,4.487,7.922,2.804,0.975,0.566,1.113
12.0,1.339,1.261,0.338,4.822,8.037,2.695,1.06,0.6,1.066
12.0,1.286,1.138,0.466,4.109,7.601,2.614,0.918,0.541,1.119
12.0,1.327,1.214,0.403,4.497,7.763,2.645,0.926,0.579,1.066
12.0,1.389,1.259,0.422,4.912,8.159,2.799,1.171,0.602,1.078
12.0,1.361,1.233,0.423,4.629,7.93,2.716,1.053,0.584,1.081
12.0,1.411,1.331,0.33,5.16,8.339,2.813,1.021,0.619,1.072
12.0,1.351,1.221,0.428,4.534,7.884,2.702,1.032,0.575,1.091
12.0,1.331,1.232,0.38,4.523,7.831,2.641,1.056,0.578,1.079
12.0,1.292,1.227,0.313,4.453,7.762,2.641,1.031,0.574,1.077
12.0,1.492,1.177,0.615,4.471,7.956,2.788,1.149,0.562,1.127
12.0,1.275,1.137,0.453,3.836,7.441,2.651,1.0,0.515,1.149
12.0,1.317,1.254,0.305,4.783,8.017,2.702,1.038,0.597,1.069
12.0,1.339,1.299,0.243,4.427,7.95,2.665,0.954,0.557,1.136
12.0,1.346,1.298,0.266,4.634,7.974,2.688,0.933,0.581,1.092
12.0,1.356,1.181,0.491,4.691,7.872,2.695,0.839,0.596,1.051
12.0,1.365,1.311,0.278,5.085,8.228,2.718,0.967,0.618,1.059
12.0,1.384,1.201,0.498,4.601,7.912,2.708,1.06,0.581,1.083
12.0,1.379,1.2,0.493,4.5,7.879,2.733,1.258,0.571,1.098
12.0,1.355,1.226,0.426,4.724,8.025,2.701,0.974,0.589,1.085
12.0,1.369,1.256,0.399,4.897,8.094,2.731,0.964,0.605,1.065
12.0,1.375,1.236,0.438,4.786,8.019,2.696,1.146,0.597,1.069
12.0,1.402,1.234,0.476,4.92,8.139,2.774,1.06,0.605,1.071
12.0,1.251,1.228,0.189,4.355,7.622,2.532,1.033,0.571,1.061
12.0,1.4,1.253,0.446,5.033,8.178,2.788,1.006,0.615,1.057
12.0,1.255,1.206,0.277,4.328,7.59,2.492,0.993,0.57,1.059
15.0,1.34,1.132,0.535,4.429,7.723,2.721,1.043,0.574,1.072
15.0,1.396,1.27,0.415,4.869,8.117,2.736,1.002,0.6,1.077
15.0,1.432,1.24,0.5,4.801,8.109,2.768,1.033,0.592,1.09
15.0,1.404,1.189,0.532,4.848,8.032,2.798,0.968,0.604,1.059
15.0,1.352,1.249,0.383,4.709,7.962,2.673,0.986,0.591,1.071
15.0,1.477,1.184,0.597,5.055,8.211,2.828,1.15,0.616,1.061
15.0,1.332,1.271,0.299,4.966,8.062,2.652,0.959,0.616,1.041
15.0,1.449,1.275,0.475,4.969,8.259,2.923,1.168,0.602,1.092
15.0,1.243,1.042,0.546,3.688,7.042,2.406,0.865,0.524,1.07
15.0,1.372,1.217,0.461,4.803,8.014,2.741,1.087,0.599,1.064
15.0,1.41,1.16,0.568,4.407,7.902,2.772,0.951,0.558,1.127
15.0,1.442,1.289,0.448,5.261,8.393,2.891,1.063,0.627,1.065
15.0,1.421,1.062,0.664,4.338,7.686,2.775,0.979,0.564,1.084
15.0,1.43,1.186,0.558,4.858,8.073,2.833,1.144,0.602,1.068
15.0,1.386,1.125,0.584,4.152,7.614,2.728,1.134,0.545,1.111
15.0,1.387,1.306,0.337,4.942,8.208,2.775,0.917,0.602,1.085
15.0,1.288,1.274,0.148,4.592,7.879,2.668,0.948,0.583,1.076
15.0,1.462,1.277,0.487,5.266,8.413,2.836,1.103,0.626,1.069
15.0,1.407,1.254,0.453,5.021,8.212,2.87,0.989,0.611,1.069
15.0,1.323,1.172,0.464,4.529,7.762,2.62,0.972,0.584,1.058
15.0,1.338,1.201,0.44,4.584,7.804,2.666,0.946,0.587,1.057
15.0,1.353,1.251,0.38,4.579,7.916,2.672,1.097,0.578,1.089
15.0,1.4,1.338,0.294,5.362,8.428,2.816,1.035,0.636,1.054
15.0,1.322,1.273,0.27,4.839,8.024,2.688,1.049,0.603,1.059
15.0,1.381,1.368,0.137,5.274,8.402,2.813,1.077,0.628,1.065
15.0,1.372,1.288,0.346,4.751,8.08,2.715,0.999,0.588,1.093
15.0,1.35,1.3,0.27,4.811,8.111,2.716,1.038,0.593,1.088
15.0,1.36,1.172,0.507,4.208,7.696,2.753,0.959,0.547,1.12
15.0,1.38,1.289,0.357,5.034,8.226,2.786,1.05,0.612,1.07
15.0,1.389,1.274,0.399,5.112,8.242,2.776,0.916,0.62,1.058
14.0,1.382,1.329,0.273,5.19,8.308,2.767,0.923,0.625,1.058
14.0,1.397,1.276,0.406,5.109,8.225,2.746,1.097,0.621,1.054
14.0,1.362,1.189,0.487,4.619,7.867,2.662,0.892,0.587,1.066
14.0,1.283,1.186,0.38,4.337,7.624,2.572,1.006,0.569,1.067
14.0,1.433,1.284,0.444,4.951,8.222,2.752,1.026,0.602,1.087
14.0,1.388,1.263,0.415,4.916,8.11,2.779,1.031,0.606,1.065
14.0,1.385,1.128,0.58,4.147,7.601,2.691,0.903,0.546,1.109
14.0,1.391,1.316,0.325,5.179,8.333,2.749,1.018,0.621,1.067
14.0,1.385,1.156,0.551,4.61,7.893,2.786,1.151,0.584,1.075
14.0,1.33,1.301,0.208,5.003,8.114,2.655,1.0,0.617,1.047
14.0,1.422,1.202,0.535,4.761,8.008,2.715,0.968,0.595,1.072
14.0,1.338,1.243,0.369,4.792,7.989,2.672,1.051,0.6,1.06
14.0,1.316,1.248,0.318,4.802,7.971,2.665,0.988,0.602,1.053
14.0,1.35,1.244,0.389,4.148,7.707,2.739,0.931,0.538,1.139
14.0,1.352,1.285,0.313,4.977,8.169,2.722,1.052,0.609,1.067
14.0,1.39,1.227,0.47,4.979,8.122,2.751,0.94,0.613,1.054
14.0,1.322,1.172,0.463,4.389,7.671,2.643,1.124,0.572,1.067
14.0,1.403,1.159,0.563,4.628,7.902,2.736,1.149,0.586,1.074
14.0,1.409,1.275,0.426,4.963,8.177,2.767,1.022,0.607,1.072
14.0,1.381,1.287,0.363,5.244,8.282,2.745,1.057,0.633,1.041
14.0,1.426,1.305,0.402,5.326,8.449,2.812,1.041,0.63,1.067
14.0,1.404,1.339,0.301,5.141,8.344,2.81,1.165,0.616,1.078
14.0,1.425,1.2,0.54,4.792,8.019,2.794,1.127,0.598,1.068
14.0,1.36,1.171,0.509,4.45,7.792,2.707,0.882,0.571,1.086
14.0,1.423,1.247,0.481,5.117,8.235,2.787,1.098,0.621,1.054
14.0,1.46,1.307,0.446,5.487,8.505,2.883,1.119,0.645,1.049
14.0,1.359,1.213,0.451,4.711,7.928,2.715,0.886,0.594,1.062
14.0,1.389,1.155,0.555,4.291,7.806,2.728,0.936,0.55,1.13
14.0,1.385,1.311,0.323,5.307,8.387,2.788,0.981,0.633,1.055
14.0,1.335,1.306,0.206,4.863,8.118,2.714,0.962,0.599,1.078
17.0,1.401,1.326,0.323,5.273,8.409,2.808,0.994,0.627,1.067
17.0,1.381,1.227,0.458,4.815,8.082,2.763,1.097,0.596,1.08
17.0,1.483,1.323,0.451,5.662,8.646,2.916,1.161,0.655,1.051
17.0,1.323,1.281,0.25,4.845,8.037,2.701,0.981,0.603,1.061
17.0,1.489,1.247,0.546,5.294,8.466,2.97,1.193,0.625,1.077
17.0,1.457,1.271,0.488,5.016,8.346,2.809,0.914,0.601,1.105
17.0,1.392,1.35,0.243,5.155,8.348,2.828,1.03,0.618,1.076
17.0,1.347,1.219,0.426,4.849,7.973,2.651,0.944,0.608,1.043
17.0,1.402,1.333,0.309,5.284,8.456,2.887,1.064,0.625,1.077
17.0,1.408,1.277,0.421,4.939,8.265,2.866,1.125,0.598,1.101
17.0,1.415,1.376,0.232,5.212,8.435,2.822,1.112,0.618,1.086
17.0,1.429,1.365,0.295,5.635,8.693,2.938,1.047,0.648,1.067
17.0,1.376,1.288,0.351,4.904,8.155,2.795,1.006,0.601,1.079
17.0,1.375,1.337,0.235,5.054,8.364,2.87,0.953,0.604,1.101
17.0,1.414,1.359,0.276,5.462,8.567,2.873,0.96,0.638,1.069
17.0,1.367,1.256,0.396,4.776,8.045,2.762,1.099,0.594,1.078
17.0,1.393,1.201,0.507,4.332,7.854,2.801,1.127,0.552,1.133
17.0,1.458,1.185,0.582,5.013,8.189,2.831,1.173,0.612,1.065
17.0,1.446,1.251,0.502,5.055,8.255,2.806,1.06,0.612,1.073
17.0,1.405,1.271,0.426,4.91,8.174,2.779,1.081,0.601,1.083
17.0,1.477,1.283,0.494,5.492,8.54,2.91,1.093,0.643,1.057
17.0,1.443,1.319,0.405,5.581,8.553,2.846,1.104,0.653,1.043
17.0,1.406,1.336,0.313,5.373,8.443,2.878,0.999,0.636,1.056
17.0,1.439,1.205,0.547,4.83,8.128,2.833,0.875,0.594,1.088
17.0,1.411,1.317,0.359,5.026,8.311,2.807,1.12,0.605,1.093
17.0,1.445,1.343,0.369,5.471,8.567,2.87,1.048,0.639,1.067
17.0,1.383,1.329,0.275,5.195,8.4,2.847,0.909,0.618,1.081
17.0,1.335,1.27,0.308,4.937,8.122,2.803,1.029,0.608,1.063
17.0,1.369,1.282,0.352,5.007,8.194,2.737,1.096,0.611,1.067
17.0,1.458,1.274,0.486,4.316,7.898,2.73,0.901,0.546,1.15
19.0,1.507,1.211,0.595,4.613,8.124,2.852,1.169,0.568,1.138
19.0,1.506,1.28,0.528,5.479,8.585,2.984,1.12,0.638,1.071
19.0,1.477,1.273,0.507,5.362,8.526,2.876,0.883,0.629,1.079
19.0,1.412,1.332,0.331,5.21,8.401,2.867,0.94,0.62,1.078
19.0,1.501,1.142,0.649,4.935,8.265,2.934,1.128,0.597,1.102
19.0,1.403,1.255,0.448,4.508,7.953,2.699,1.172,0.567,1.116
19.0,1.56,1.298,0.554,5.417,8.64,3.044,1.094,0.627,1.097
19.0,1.47,1.224,0.554,4.981,8.218,2.841,1.046,0.606,1.079
19.0,1.505,1.205,0.599,4.808,8.219,2.956,1.343,0.585,1.118
19.0,1.4,1.332,0.307,5.476,8.529,2.828,1.109,0.642,1.057
19.0,1.438,1.357,0.331,5.64,8.627,2.905,1.084,0.654,1.05
19.0,1.518,1.286,0.531,5.616,8.714,2.99,1.157,0.645,1.076
19.0,1.505,1.283,0.522,5.569,8.63,2.988,1.137,0.645,1.064
19.0,1.536,1.193,0.63,5.239,8.483,2.965,1.203,0.618,1.093
19.0,1.485,1.36,0.401,5.294,8.586,2.937,1.064,0.617,1.108
19.0,1.405,1.158,0.566,4.335,7.803,2.857,0.983,0.556,1.118
19.0,1.463,1.309,0.446,4.952,8.332,2.8,1.057,0.594,1.116
19.0,1.458,1.317,0.428,5.424,8.53,2.86,1.029,0.636,1.068
19.0,1.542,1.216,0.615,5.288,8.51,2.994,1.205,0.621,1.09
19.0,1.431,1.215,0.528,4.901,8.177,2.925,1.017,0.599,1.086
19.0,1.492,1.263,0.533,5.085,8.338,2.874,1.055,0.61,1.088
19.0,1.448,1.305,0.434,5.576,8.582,2.887,1.093,0.65,1.051
19.0,1.557,1.238,0.606,5.418,8.606,3.039,1.318,0.63,1.088
19.0,1.424,1.305,0.4,5.209,8.367,2.87,0.983,0.622,1.07
19.0,1.386,1.322,0.298,4.928,8.212,2.786,1.052,0.6,1.089
19.0,1.376,1.309,0.307,4.943,8.256,2.825,1.066,0.599,1.097
19.0,1.435,0.973,0.735,3.991,7.511,2.896,1.496,0.531,1.125
19.0,1.5,1.218,0.584,5.007,8.358,2.921,1.037,0.599,1.11
19.0,1.515,1.317,0.494,5.446,8.646,2.922,1.028,0.63,1.092
19.0,1.501,1.371,0.407,5.69,8.764,2.943,1.116,0.649,1.074
16.0,1.437,1.293,0.436,4.966,8.344,2.941,1.101,0.595,1.116
16.0,1.388,1.215,0.483,4.754,8.013,2.716,0.928,0.593,1.075
16.0,1.429,1.363,0.3,5.291,8.492,2.884,1.059,0.623,1.085
16.0,1.338,1.273,0.309,4.815,8.02,2.707,0.98,0.6,1.063
16.0,1.347,1.27,0.334,4.805,8.031,2.754,1.009,0.598,1.068
16.0,1.42,1.188,0.548,4.713,8.041,2.846,1.039,0.586,1.092
16.0,1.406,1.26,0.445,4.938,8.145,2.737,0.909,0.606,1.069
16.0,1.454,1.358,0.357,5.502,8.582,2.877,1.062,0.641,1.065
16.0,1.407,1.344,0.295,5.04,8.312,2.816,0.995,0.606,1.091
16.0,1.427,1.29,0.427,5.326,8.432,2.865,1.037,0.632,1.062
16.0,1.367,1.298,0.314,5.151,8.248,2.78,1.007,0.625,1.051
16.0,1.442,1.282,0.458,5.299,8.399,2.929,1.125,0.631,1.059
16.0,1.421,1.25,0.476,4.649,8.092,2.684,0.98,0.575,1.121
16.0,1.375,1.296,0.335,4.956,8.147,2.718,0.981,0.608,1.066
16.0,1.434,1.31,0.406,5.388,8.464,2.859,1.065,0.637,1.058
16.0,1.41,1.135,0.594,4.429,7.782,2.756,1.044,0.569,1.088
16.0,1.402,1.252,0.45,4.984,8.162,2.806,1.162,0.611,1.064
16.0,1.415,1.264,0.45,5.012,8.205,2.797,0.932,0.611,1.069
16.0,1.405,1.31,0.362,5.005,8.282,2.814,0.974,0.604,1.09
16.0,1.439,1.199,0.553,4.964,8.14,2.854,1.151,0.61,1.062
16.0,1.534,1.125,0.68,4.339,7.855,2.839,1.197,0.552,1.132
16.0,1.411,1.382,0.2,5.484,8.597,2.931,1.103,0.638,1.072
16.0,1.408,1.274,0.425,5.2,8.328,2.844,1.059,0.624,1.061
16.0,1.305,1.161,0.456,4.35,7.586,2.631,0.996,0.573,1.053
16.0,1.374,1.326,0.262,4.972,8.227,2.819,1.005,0.604,1.083
16.0,1.393,1.336,0.283,5.482,8.487,2.828,0.984,0.646,1.046
16.0,1.434,1.311,0.406,5.187,8.353,2.745,1.082,0.621,1.07
16.0,1.424,1.315,0.383,5.457,8.492,2.856,1.084,0.643,1.052
16.0,1.44,1.303,0.425,4.911,8.304,2.874,1.084,0.591,1.117
16.0,1.421,1.295,0.412,4.521,8.023,2.736,0.905,0.564,1.133
20.0,1.599,1.255,0.62,5.727,8.777,3.03,1.15,0.652,1.07
20.0,1.54,1.287,0.549,5.481,8.657,3.082,1.102,0.633,1.088
20.0,1.367,1.347,0.171,4.79,8.239,2.825,0.883,0.581,1.128
20.0,1.519,1.305,0.512,5.569,8.761,2.998,1.081,0.636,1.097
20.0,1.447,1.377,0.307,5.533,8.637,2.903,1.033,0.641,1.073
20.0,1.399,1.335,0.3,5.303,8.479,2.927,1.009,0.625,1.079
20.0,1.448,1.331,0.393,5.489,8.543,2.86,1.055,0.643,1.058
20.0,1.409,1.326,0.338,5.192,8.41,2.907,1.024,0.617,1.084
20.0,1.452,1.281,0.47,5.051,8.354,2.859,0.866,0.605,1.1
20.0,1.465,1.342,0.402,5.659,8.65,2.955,1.04,0.654,1.052
20.0,1.424,1.168,0.572,4.624,7.985,2.785,0.838,0.579,1.098
20.0,1.512,1.238,0.574,5.394,8.599,2.98,1.141,0.627,1.091
20.0,1.436,1.367,0.306,5.685,8.688,2.898,1.05,0.654,1.057
20.0,1.465,1.143,0.625,5.021,8.197,2.972,1.04,0.613,1.065
20.0,1.461,1.415,0.248,5.564,8.717,2.963,1.016,0.638,1.087
20.0,1.526,1.365,0.447,6.17,9.001,3.011,1.117,0.685,1.045
20.0,1.468,1.42,0.253,5.758,8.785,2.901,1.034,0.655,1.067
20.0,1.47,1.303,0.463,5.256,8.459,2.911,1.094,0.621,1.083
20.0,1.433,1.313,0.4,5.118,8.426,2.861,1.085,0.607,1.104
20.0,1.328,1.191,0.442,4.391,7.716,2.728,1.132,0.569,1.079
20.0,1.472,1.296,0.474,5.638,8.594,2.979,1.117,0.656,1.042
20.0,1.462,1.319,0.431,5.339,8.555,2.913,0.991,0.624,1.091
20.0,1.507,1.223,0.584,5.177,8.387,2.932,1.125,0.617,1.081
20.0,1.438,1.202,0.549,4.7,8.114,2.894,1.069,0.579,1.115
20.0,1.371,1.212,0.468,4.739,7.999,2.779,0.891,0.592,1.075
20.0,1.439,1.339,0.367,5.263,8.469,2.884,1.069,0.621,1.084
20.0,1.523,1.411,0.377,5.914,8.964,3.092,1.225,0.66,1.081
20.0,1.483,1.302,0.479,5.54,8.635,2.987,1.091,0.641,1.071
20.0,1.299,1.068,0.569,3.519,7.156,2.541,0.947,0.492,1.158
20.0,1.531,1.241,0.585,5.248,8.456,3.045,1.205,0.621,1.084
21.0,1.408,1.341,0.304,5.238,8.454,2.85,1.029,0.62,1.086
21.0,1.439,1.258,0.486,4.914,8.173,2.817,1.144,0.601,1.082
21.0,1.467,1.301,0.462,5.269,8.439,2.9,1.016,0.624,1.076
21.0,1.513,1.272,0.542,5.501,8.61,2.906,1.159,0.639,1.072
21.0,1.357,1.35,0.099,4.998,8.356,2.877,1.059,0.598,1.112
21.0,1.417,1.297,0.403,5.12,8.3,2.829,1.069,0.617,1.071
21.0,1.477,1.324,0.443,5.638,8.674,3.015,1.155,0.65,1.062
21.0,1.524,1.163,0.646,5.133,8.342,2.921,1.099,0.615,1.079
21.0,1.589,1.183,0.667,4.745,8.18,2.939,1.059,0.58,1.122
21.0,1.579,1.183,0.663,4.779,8.166,2.881,1.221,0.585,1.11
21.0,1.511,1.208,0.601,5.172,8.389,2.929,1.042,0.616,1.083
21.0,1.541,1.38,0.445,5.701,8.833,3.077,1.057,0.645,1.089
21.0,1.523,1.336,0.479,5.59,8.743,2.991,1.087,0.639,1.088
21.0,1.442,1.409,0.215,5.88,8.786,2.885,1.041,0.669,1.045
21.0,1.493,1.387,0.369,5.9,8.924,3.039,1.025,0.661,1.074
21.0,1.49,1.349,0.425,5.526,8.657,3.007,1.034,0.638,1.079
21.0,1.52,1.278,0.542,5.352,8.595,2.908,1.143,0.623,1.099
21.0,1.54,1.387,0.434,5.855,8.9,2.979,1.097,0.658,1.077
21.0,1.517,1.373,0.425,5.771,8.813,3.014,1.123,0.655,1.071
21.0,1.54,1.265,0.57,5.308,8.58,2.94,1.233,0.619,1.104
21.0,1.457,1.393,0.294,5.745,8.776,2.904,0.996,0.655,1.067
21.0,1.439,1.372,0.301,5.258,8.586,2.96,1.185,0.612,1.116
21.0,1.501,1.366,0.415,5.703,8.792,3.007,1.204,0.649,1.079
21.0,1.532,1.406,0.397,6.111,9.039,3.087,1.139,0.676,1.064
21.0,1.398,1.351,0.259,5.373,8.467,2.819,0.987,0.635,1.062
21.0,1.469,1.301,0.464,5.559,8.603,2.866,1.103,0.646,1.06
21.0,1.532,1.339,0.486,5.651,8.758,3.075,1.136,0.645,1.08
21.0,1.366,1.349,0.156,5.216,8.321,2.742,1.063,0.627,1.056
21.0,1.465,1.356,0.377,5.934,8.864,3.017,1.05,0.669,1.054
21.0,1.379,1.294,0.346,4.966,8.195,2.811,1.07,0.606,1.076
22.0,1.548,1.34,0.501,5.599,8.809,3.151,1.115,0.636,1.103
22.0,1.385,1.231,0.459,4.832,8.044,2.775,1.109,0.601,1.066
22.0,1.572,1.248,0.608,5.297,8.604,3.008,1.029,0.616,1.112
22.0,1.502,1.238,0.566,5.347,8.519,2.976,1.203,0.628,1.08
22.0,1.457,1.298,0.454,5.335,8.524,3.016,1.117,0.626,1.084
22.0,1.501,1.38,0.394,5.95,8.974,3.052,1.033,0.663,1.077
22.0,1.547,1.25,0.589,5.276,8.51,3.016,1.065,0.62,1.092
22.0,1.538,1.293,0.542,5.481,8.641,3.002,1.161,0.634,1.084
22.0,1.608,1.267,0.616,5.447,8.742,3.014,1.091,0.623,1.117
22.0,1.515,1.338,0.469,5.723,8.79,3.002,1.106,0.651,1.074
22.0,1.435,1.269,0.467,5.439,8.454,2.892,0.92,0.643,1.046
22.0,1.539,1.37,0.455,5.875,8.948,3.153,1.195,0.657,1.084
22.0,1.572,1.356,0.507,6.207,9.089,3.15,1.127,0.683,1.059
22.0,1.427,1.316,0.387,5.196,8.369,2.901,0.929,0.621,1.073
22.0,1.498,1.334,0.455,5.724,8.747,3.057,1.153,0.654,1.064
22.0,1.393,1.346,0.258,5.098,8.416,2.811,1.04,0.606,1.106
22.0,1.439,1.264,0.478,5.278,8.356,2.831,1.054,0.632,1.053
22.0,1.455,1.152,0.611,4.783,8.086,2.877,0.977,0.592,1.088
22.0,1.484,1.348,0.418,5.656,8.804,2.986,1.082,0.642,1.091
22.0,1.617,1.218,0.657,5.625,8.784,3.123,1.325,0.64,1.092
22.0,1.51,1.377,0.411,5.868,8.892,3.046,1.029,0.66,1.072
22.0,1.513,1.356,0.443,5.952,8.919,3.08,1.129,0.667,1.064
22.0,1.494,1.362,0.412,5.732,8.848,3.008,1.109,0.648,1.087
22.0,1.462,1.382,0.325,5.453,8.693,2.992,1.125,0.627,1.103
22.0,1.501,1.349,0.438,5.537,8.766,2.937,0.947,0.632,1.104
22.0,1.402,1.237,0.471,4.712,8.112,2.908,1.159,0.581,1.111
22.0,1.469,1.387,0.329,5.839,8.799,2.903,0.969,0.664,1.055
22.0,1.399,1.303,0.364,5.028,8.366,2.892,0.911,0.601,1.108
22.0,1.604,1.284,0.599,5.742,8.963,3.12,1.291,0.641,1.114
22.0,1.481,1.379,0.365,5.781,8.803,2.994,1.036,0.657,1.067
13.0,1.32,1.16,0.477,4.161,7.586,2.664,0.95,0.548,1.101
13.0,1.404,1.2,0.519,4.807,8.035,2.778,1.057,0.598,1.069
13.0,1.38,1.2,0.493,4.695,7.935,2.701,1.075,0.592,1.067
13.0,1.325,1.204,0.417,4.635,7.885,2.744,0.962,0.588,1.067
13.0,1.34,1.273,0.314,4.701,8.02,2.695,1.154,0.586,1.089
13.0,1.326,1.224,0.384,4.3,7.8,2.761,1.052,0.551,1.126
13.0,1.317,1.256,0.302,4.287,7.859,2.724,1.026,0.545,1.147
13.0,1.281,1.207,0.335,4.115,7.588,2.61,0.929,0.542,1.113
13.0,1.418,1.251,0.472,5.084,8.222,2.798,1.076,0.618,1.058
13.0,1.35,1.289,0.298,4.685,8.1,2.733,0.986,0.578,1.114
13.0,1.401,1.307,0.359,4.859,8.196,2.814,0.969,0.593,1.1
13.0,1.398,1.273,0.413,4.816,8.134,2.765,1.002,0.592,1.093
13.0,1.39,1.283,0.385,4.865,8.137,2.772,1.053,0.598,1.083
13.0,1.349,1.14,0.534,4.279,7.739,2.779,1.109,0.553,1.114
13.0,1.261,1.085,0.51,3.878,7.271,2.582,1.141,0.533,1.085
13.0,1.376,1.192,0.5,4.554,7.881,2.808,1.111,0.578,1.085
13.0,1.412,1.258,0.454,4.827,8.127,2.835,1.133,0.594,1.089
13.0,1.376,1.312,0.301,4.851,8.184,2.791,1.038,0.593,1.099
13.0,1.363,1.333,0.206,5.356,8.392,2.751,1.003,0.638,1.046
13.0,1.355,1.224,0.429,4.668,7.964,2.743,1.111,0.586,1.081
13.0,1.337,1.212,0.422,4.503,7.812,2.687,0.908,0.576,1.079
13.0,1.38,1.29,0.356,5.046,8.197,2.787,0.937,0.616,1.06
13.0,1.366,1.288,0.333,4.724,8.131,2.759,0.99,0.581,1.114
13.0,1.292,1.051,0.581,3.619,7.152,2.476,1.076,0.506,1.125
13.0,1.387,1.207,0.493,4.506,7.887,2.698,1.0,0.571,1.098
13.0,1.421,1.224,0.508,4.609,8.072,2.8,0.939,0.571,1.125
13.0,1.371,1.345,0.196,5.222,8.324,2.746,0.961,0.627,1.056
13.0,1.364,1.325,0.237,4.999,8.189,2.707,1.019,0.61,1.067
13.0,1.357,1.256,0.379,4.843,8.028,2.709,0.931,0.603,1.059
13.0,1.401,1.246,0.457,4.669,7.999,2.756,1.049,0.584,1.091
23.0,1.528,1.446,0.323,5.808,8.96,3.083,0.997,0.648,1.1
23.0,1.574,1.333,0.531,5.719,8.868,3.098,1.168,0.645,1.094
23.0,1.578,1.362,0.505,6.304,9.107,3.119,1.118,0.692,1.047
23.0,1.604,1.426,0.458,6.287,9.239,3.143,1.153,0.681,1.08
23.0,1.55,1.407,0.42,5.621,8.875,3.095,1.199,0.633,1.115
23.0,1.587,1.284,0.588,6.063,8.949,3.22,1.187,0.677,1.051
23.0,1.544,1.222,0.612,5.269,8.54,3.195,1.17,0.617,1.101
23.0,1.481,1.378,0.367,5.552,8.672,2.907,1.004,0.64,1.078
23.0,1.537,1.342,0.487,5.855,8.961,3.058,1.121,0.653,1.091
23.0,1.577,1.295,0.571,5.353,8.717,2.97,0.997,0.614,1.129
23.0,1.434,1.38,0.27,5.509,8.648,2.919,0.95,0.637,1.08
23.0,1.63,1.283,0.617,5.956,8.979,3.196,1.29,0.663,1.077
23.0,1.516,1.32,0.493,5.796,8.788,3.029,1.074,0.66,1.06
23.0,1.582,1.336,0.536,5.407,8.759,3.142,1.235,0.617,1.129
23.0,1.515,1.407,0.371,6.156,9.071,3.028,1.024,0.679,1.064
23.0,1.442,1.434,0.105,5.702,8.757,2.914,1.02,0.651,1.07
23.0,1.473,1.353,0.396,5.931,8.787,2.962,1.041,0.675,1.036
23.0,1.561,1.433,0.397,6.084,9.088,3.059,1.038,0.669,1.08
23.0,1.611,1.341,0.554,5.805,8.946,3.135,1.198,0.649,1.097
23.0,1.472,1.266,0.51,5.161,8.44,3.031,1.093,0.611,1.098
23.0,1.497,1.408,0.339,6.061,8.955,3.036,1.029,0.677,1.053
23.0,1.512,1.327,0.479,5.816,8.861,3.113,1.129,0.656,1.074
23.0,1.462,1.397,0.296,5.675,8.778,2.941,0.986,0.646,1.081
23.0,1.65,1.258,0.647,5.942,8.974,3.182,1.205,0.662,1.078
23.0,1.606,1.39,0.5,6.318,9.218,3.15,1.056,0.685,1.07
23.0,1.566,1.401,0.447,6.409,9.191,3.098,1.092,0.697,1.049
23.0,1.547,1.289,0.553,5.541,8.724,3.16,1.181,0.635,1.093
23.0,1.511,1.377,0.411,6.038,9.016,3.095,1.135,0.67,1.071
23.0,1.506,1.296,0.51,5.595,8.647,3.061,1.116,0.647,1.063
23.0,1.496,1.322,0.467,5.064,8.41,2.817,1.047,0.602,1.112
18.0,1.41,1.255,0.455,5.214,8.294,2.778,1.007,0.629,1.05
18.0,1.379,1.309,0.316,5.047,8.269,2.781,1.001,0.61,1.078
18.0,1.403,1.229,0.483,4.823,8.061,2.736,1.093,0.598,1.072
18.0,1.449,1.307,0.432,5.115,8.372,2.88,1.107,0.611,1.09
18.0,1.406,1.367,0.232,5.209,8.416,2.821,1.069,0.619,1.082
18.0,1.462,1.386,0.319,5.428,8.603,2.945,0.993,0.631,1.085
18.0,1.488,1.22,0.573,5.022,8.284,2.868,1.04,0.606,1.087
18.0,1.394,1.239,0.458,4.976,8.21,2.86,1.044,0.606,1.078
18.0,1.468,1.264,0.508,4.785,8.18,2.837,0.941,0.585,1.113
18.0,1.428,1.344,0.337,5.489,8.546,2.861,1.051,0.642,1.059
18.0,1.434,1.196,0.552,4.996,8.166,2.885,1.051,0.612,1.062
18.0,1.423,1.386,0.228,5.132,8.469,2.914,1.095,0.606,1.112
18.0,1.43,1.278,0.449,4.863,8.187,2.806,1.004,0.594,1.097
18.0,1.478,1.223,0.561,5.0,8.256,2.846,1.049,0.606,1.085
18.0,1.436,1.206,0.543,4.956,8.16,2.918,1.124,0.607,1.069
18.0,1.496,1.273,0.526,5.048,8.367,2.88,1.083,0.603,1.104
18.0,1.419,1.324,0.359,5.07,8.295,2.745,1.0,0.611,1.08
18.0,1.409,1.25,0.462,5.02,8.2,2.876,1.151,0.612,1.066
18.0,1.401,1.333,0.308,5.253,8.388,2.827,0.99,0.626,1.066
18.0,1.462,1.272,0.493,5.178,8.371,2.894,1.187,0.619,1.077
18.0,1.332,1.284,0.266,4.763,8.026,2.747,0.998,0.593,1.076
18.0,1.34,1.305,0.228,4.898,8.138,2.67,1.003,0.602,1.076
18.0,1.493,1.354,0.421,5.53,8.652,2.952,1.048,0.639,1.077
18.0,1.425,1.285,0.432,5.169,8.345,2.828,0.945,0.619,1.072
18.0,1.439,1.39,0.259,5.711,8.713,2.847,0.993,0.655,1.058
18.0,1.457,1.318,0.426,5.139,8.429,2.855,1.088,0.61,1.1
18.0,1.413,1.321,0.356,5.349,8.466,2.859,1.029,0.632,1.066
18.0,1.444,1.331,0.387,5.463,8.551,2.956,1.148,0.639,1.065
18.0,1.412,1.353,0.287,5.446,8.504,2.855,0.993,0.64,1.057
18.0,1.477,1.243,0.541,5.239,8.467,2.939,1.163,0.619,1.089
24.0,1.489,1.405,0.331,5.704,8.789,2.927,0.949,0.649,1.078
24.0,1.549,1.339,0.503,5.7,8.874,3.058,1.144,0.642,1.099
24.0,1.578,1.433,0.419,6.476,9.294,3.189,1.106,0.697,1.061
24.0,1.524,1.447,0.314,6.095,9.099,3.074,1.048,0.67,1.081
24.0,1.581,1.427,0.43,6.534,9.282,3.092,1.112,0.704,1.049
24.0,1.58,1.331,0.539,5.875,8.905,3.087,1.18,0.66,1.074
24.0,1.525,1.491,0.211,6.564,9.33,3.081,1.061,0.704,1.055
24.0,1.619,1.429,0.47,6.451,9.337,3.178,1.083,0.691,1.075
24.0,1.527,1.436,0.34,5.886,8.978,3.043,1.027,0.656,1.09
24.0,1.485,1.311,0.471,5.658,8.713,3.098,1.182,0.649,1.068
24.0,1.561,1.21,0.631,5.451,8.588,3.093,0.997,0.635,1.077
24.0,1.61,1.278,0.608,5.893,8.992,3.202,1.232,0.655,1.092
24.0,1.592,1.368,0.511,6.061,9.081,3.252,1.081,0.667,1.083
24.0,1.458,1.33,0.41,5.248,8.484,2.948,0.948,0.619,1.091
24.0,1.529,1.311,0.515,5.988,8.903,3.091,1.074,0.673,1.053
24.0,1.575,1.421,0.432,6.306,9.191,3.206,1.071,0.686,1.066
24.0,1.552,1.377,0.461,5.829,8.962,3.136,1.065,0.65,1.096
24.0,1.684,1.363,0.587,6.435,9.388,3.257,1.242,0.685,1.09
24.0,1.589,1.33,0.547,5.922,8.982,3.191,1.134,0.659,1.084
24.0,1.548,1.173,0.653,5.125,8.444,3.027,1.221,0.607,1.107
24.0,1.518,1.41,0.37,6.13,9.047,3.043,1.056,0.678,1.063
24.0,1.563,1.356,0.497,6.124,9.01,3.076,1.127,0.68,1.055
24.0,1.475,1.346,0.409,5.664,8.696,2.996,0.929,0.651,1.063
24.0,1.605,1.418,0.468,6.362,9.286,3.281,1.121,0.685,1.079
24.0,1.607,1.396,0.495,6.482,9.296,3.191,1.122,0.697,1.061
24.0,1.62,1.445,0.452,5.836,9.063,3.106,1.069,0.644,1.12
24.0,1.505,1.371,0.413,5.707,8.807,3.002,0.953,0.648,1.082
24.0,1.561,1.256,0.594,5.542,8.659,3.06,1.183,0.64,1.077
24.0,1.62,1.349,0.554,6.281,9.233,3.197,1.183,0.68,1.08
24.0,1.597,1.396,0.485,6.167,9.148,3.188,1.1,0.674,1.08
25.0,1.504,1.375,0.404,5.416,8.666,3.032,1.088,0.625,1.103
25.0,1.552,1.392,0.442,5.134,8.635,2.942,0.926,0.595,1.156
25.0,1.538,1.343,0.487,6.081,9.005,3.121,1.121,0.675,1.061
25.0,1.494,1.481,0.135,6.044,9.074,3.059,1.125,0.666,1.084
25.0,1.469,1.364,0.37,5.223,8.564,2.953,0.997,0.61,1.117
25.0,1.599,1.402,0.48,6.166,9.146,3.093,1.112,0.674,1.08
25.0,1.572,1.289,0.572,5.557,8.828,3.221,1.122,0.629,1.116
25.0,1.644,1.36,0.561,5.725,9.063,3.222,1.241,0.632,1.142
25.0,1.546,1.463,0.324,6.71,9.34,3.128,1.028,0.718,1.035
25.0,1.653,1.325,0.598,6.18,9.137,3.265,1.133,0.676,1.075
25.0,1.542,1.371,0.457,5.909,8.965,3.116,1.102,0.659,1.082
25.0,1.538,1.465,0.305,6.353,9.222,3.122,1.088,0.689,1.065
25.0,1.604,1.425,0.46,6.538,9.336,3.201,1.069,0.7,1.061
25.0,1.548,1.415,0.406,6.126,9.056,3.045,1.017,0.677,1.065
25.0,1.588,1.359,0.517,6.025,9.119,3.148,1.212,0.661,1.098
25.0,1.534,1.419,0.381,6.019,9.063,3.098,1.172,0.664,1.086
25.0,1.664,1.322,0.607,6.122,9.175,3.315,1.305,0.667,1.094
25.0,1.634,1.316,0.593,5.68,8.927,3.198,1.15,0.636,1.116
25.0,1.558,1.321,0.53,6.022,8.958,3.203,1.094,0.672,1.06
25.0,1.565,1.462,0.357,6.519,9.346,3.161,1.135,0.698,1.066
25.0,1.572,1.433,0.411,6.166,9.171,3.176,1.118,0.672,1.086
25.0,1.595,1.493,0.352,6.698,9.467,3.217,1.048,0.708,1.065
25.0,1.511,1.415,0.35,6.22,9.078,3.039,1.104,0.685,1.054
25.0,1.512,1.394,0.388,5.817,8.87,3.096,1.065,0.656,1.076
25.0,1.779,1.314,0.674,6.036,9.189,3.168,1.115,0.657,1.113
25.0,1.596,1.351,0.532,6.109,9.094,3.137,1.108,0.672,1.077
25.0,1.584,1.319,0.554,5.435,8.767,3.057,1.134,0.62,1.126
25.0,1.533,1.505,0.189,6.686,9.414,3.077,1.03,0.71,1.055
25.0,1.637,1.405,0.514,6.197,9.241,3.305,1.147,0.671,1.097
25.0,1.502,1.343,0.447,5.616,8.821,3.089,1.159,0.637,1.102
27.0,1.502,1.406,0.352,6.021,8.955,3.043,1.031,0.672,1.06
27.0,1.639,1.446,0.471,6.802,9.542,3.282,1.08,0.713,1.065
27.0,1.651,1.37,0.558,6.463,9.369,3.212,1.164,0.69,1.081
27.0,1.68,1.333,0.609,6.354,9.337,3.337,1.259,0.68,1.092
27.0,1.659,1.427,0.51,6.8,9.609,3.377,1.106,0.708,1.081
27.0,1.618,1.327,0.572,6.326,9.207,3.294,1.286,0.687,1.066
27.0,1.615,1.397,0.501,6.272,9.239,3.173,1.074,0.679,1.083
27.0,1.626,1.422,0.485,6.432,9.462,3.347,1.207,0.68,1.108
27.0,1.639,1.478,0.431,6.644,9.499,3.293,1.146,0.699,1.081
27.0,1.633,1.425,0.488,6.752,9.507,3.26,1.078,0.71,1.065
27.0,1.502,1.401,0.361,6.074,8.943,3.028,1.002,0.679,1.048
27.0,1.74,1.484,0.522,7.519,9.999,3.451,1.162,0.752,1.058
27.0,1.522,1.383,0.417,5.825,8.942,3.033,1.059,0.651,1.092
27.0,1.62,1.446,0.451,6.899,9.595,3.326,1.11,0.719,1.062
27.0,1.712,1.438,0.543,7.038,9.686,3.375,1.172,0.727,1.061
27.0,1.692,1.512,0.449,7.325,9.828,3.274,1.102,0.745,1.049
27.0,1.65,1.458,0.469,6.879,9.572,3.278,1.1,0.719,1.06
27.0,1.668,1.267,0.65,5.519,8.925,3.352,1.322,0.618,1.149
27.0,1.667,1.315,0.615,6.193,9.293,3.433,1.309,0.666,1.11
27.0,1.703,1.347,0.612,6.637,9.507,3.475,1.266,0.698,1.084
27.0,1.633,1.446,0.464,6.842,9.491,3.22,1.106,0.721,1.048
27.0,1.59,1.29,0.585,4.992,8.672,3.186,1.477,0.576,1.199
27.0,1.644,1.382,0.541,6.348,9.307,3.175,1.185,0.682,1.086
27.0,1.659,1.382,0.554,6.563,9.418,3.349,1.207,0.697,1.076
27.0,1.769,1.414,0.601,6.849,9.672,3.44,1.162,0.708,1.087
27.0,1.641,1.3,0.61,6.153,9.199,3.29,1.257,0.669,1.094
27.0,1.684,1.493,0.462,7.317,9.845,3.415,1.126,0.743,1.054
27.0,1.677,1.452,0.5,7.067,9.722,3.375,1.121,0.727,1.064
27.0,1.576,1.35,0.516,6.076,9.03,3.159,1.056,0.673,1.068
27.0,1.573,1.409,0.444,5.903,9.097,3.213,1.102,0.649,1.116
26.0,1.544,1.38,0.448,6.081,9.067,3.22,1.162,0.671,1.076
26.0,1.645,1.47,0.448,7.14,9.656,3.262,1.136,0.739,1.039
26.0,1.682,1.323,0.617,6.214,9.222,3.136,1.205,0.674,1.089
26.0,1.608,1.403,0.488,6.135,9.25,3.346,1.114,0.663,1.11
26.0,1.653,1.4,0.531,6.526,9.345,3.245,1.168,0.698,1.065
26.0,1.641,1.373,0.548,6.109,9.184,3.255,1.078,0.665,1.099
26.0,1.435,1.307,0.413,5.506,8.558,2.936,0.964,0.643,1.059
26.0,1.599,1.419,0.46,5.652,9.007,3.206,1.075,0.628,1.142
26.0,1.662,1.467,0.47,6.91,9.616,3.37,1.151,0.719,1.065
26.0,1.602,1.418,0.466,6.86,9.451,3.214,1.107,0.726,1.036
26.0,1.608,1.499,0.362,6.657,9.483,3.273,1.169,0.702,1.075
26.0,1.664,1.416,0.526,6.904,9.546,3.298,1.181,0.723,1.05
26.0,1.644,1.428,0.495,6.483,9.368,3.17,1.073,0.692,1.077
26.0,1.602,1.306,0.579,6.229,9.084,3.279,1.186,0.686,1.054
26.0,1.627,1.429,0.478,6.392,9.335,3.165,1.173,0.685,1.085
26.0,1.694,1.382,0.579,6.354,9.365,3.337,1.213,0.678,1.098
26.0,1.513,1.375,0.418,6.12,9.043,3.076,1.041,0.677,1.063
26.0,1.697,1.323,0.626,6.547,9.407,3.412,1.265,0.696,1.076
26.0,1.683,1.26,0.663,6.133,9.142,3.302,1.092,0.671,1.084
26.0,1.597,1.437,0.437,6.329,9.221,3.171,0.975,0.686,1.069
26.0,1.682,1.239,0.676,5.973,9.025,3.162,1.229,0.662,1.085
26.0,1.548,1.404,0.422,6.316,9.204,3.185,1.05,0.686,1.067
26.0,1.677,1.35,0.593,6.455,9.381,3.389,1.194,0.688,1.085
26.0,1.524,1.345,0.47,5.608,8.824,3.181,1.112,0.636,1.105
26.0,1.591,1.403,0.472,6.378,9.282,3.201,1.044,0.687,1.075
26.0,1.629,1.394,0.517,5.994,9.119,3.238,1.174,0.657,1.104
26.0,1.539,1.518,0.167,6.746,9.404,3.068,1.022,0.717,1.043
26.0,1.639,1.419,0.501,6.775,9.516,3.24,1.099,0.712,1.063
26.0,1.618,1.446,0.448,6.905,9.54,3.293,1.158,0.724,1.049
26.0,1.547,1.439,0.367,6.125,9.124,3.163,1.021,0.671,1.082
28.0,1.683,1.343,0.603,6.717,9.515,3.405,1.221,0.706,1.073
28.0,1.566,1.436,0.4,6.31,9.255,3.208,1.125,0.682,1.08
28.0,1.725,1.515,0.478,7.551,10.01,3.438,1.117,0.754,1.056
28.0,1.801,1.433,0.605,7.323,9.904,3.452,1.168,0.739,1.066
28.0,1.766,1.37,0.631,6.545,9.476,3.349,1.22,0.691,1.092
28.0,1.68,1.164,0.721,5.479,8.991,3.426,1.393,0.609,1.174
28.0,1.682,1.466,0.491,7.157,9.802,3.445,1.184,0.73,1.068
28.0,1.737,1.465,0.537,6.854,9.642,3.236,0.969,0.711,1.079
28.0,1.702,1.437,0.537,6.851,9.589,3.293,1.116,0.715,1.068
28.0,1.716,1.334,0.629,6.651,9.467,3.374,1.299,0.702,1.072
28.0,1.739,1.375,0.613,6.688,9.555,3.491,1.21,0.7,1.086
28.0,1.722,1.416,0.569,6.833,9.741,3.52,1.183,0.701,1.105
28.0,1.652,1.466,0.461,6.962,9.668,3.277,1.067,0.72,1.068
28.0,1.782,1.438,0.591,6.704,9.741,3.507,1.232,0.688,1.126
28.0,1.645,1.498,0.414,6.572,9.526,3.321,1.091,0.69,1.099
28.0,1.64,1.356,0.563,5.68,8.979,3.211,1.232,0.633,1.129
28.0,1.559,1.416,0.418,6.515,9.248,3.163,1.069,0.705,1.045
28.0,1.619,1.468,0.422,6.468,9.446,3.306,1.09,0.685,1.098
28.0,1.751,1.469,0.544,7.287,9.902,3.534,1.205,0.736,1.071
28.0,1.734,1.37,0.613,6.219,9.335,3.349,1.159,0.666,1.115
28.0,1.655,1.465,0.465,6.756,9.555,3.349,1.032,0.707,1.076
28.0,1.697,1.413,0.553,6.763,9.618,3.386,1.164,0.703,1.089
28.0,1.737,1.509,0.495,7.31,9.931,3.396,1.14,0.736,1.074
28.0,1.773,1.444,0.58,7.048,9.854,3.455,1.114,0.715,1.096
28.0,1.749,1.416,0.587,6.995,9.695,3.322,1.129,0.721,1.069
28.0,1.764,1.377,0.625,6.528,9.619,3.509,1.247,0.679,1.128
28.0,1.623,1.252,0.636,5.828,8.898,3.235,1.183,0.655,1.081
28.0,1.561,1.447,0.375,6.501,9.394,3.129,1.036,0.692,1.08
28.0,1.651,1.447,0.482,6.925,9.631,3.222,1.16,0.719,1.066
28.0,1.642,1.465,0.453,6.527,9.465,3.318,1.147,0.69,1.092
31.0,1.801,1.536,0.522,7.975,10.333,3.614,1.181,0.772,1.065
31.0,1.794,1.436,0.599,7.281,9.982,3.682,1.327,0.729,1.089
31.0,1.884,1.376,0.683,7.386,10.134,3.706,1.279,0.729,1.107
31.0,1.843,1.512,0.572,7.491,10.193,3.55,1.173,0.735,1.104
31.0,1.74,1.51,0.497,7.159,9.872,3.362,1.155,0.725,1.083
31.0,1.814,1.292,0.702,6.603,9.633,3.567,1.333,0.685,1.118
31.0,1.707,1.31,0.641,6.46,9.44,3.471,1.302,0.684,1.098
31.0,1.869,1.345,0.694,7.228,10.026,3.769,1.44,0.721,1.107
31.0,1.645,1.422,0.503,6.438,9.412,3.307,1.128,0.684,1.095
31.0,1.648,1.6,0.24,7.725,10.107,3.306,1.061,0.764,1.052
31.0,1.847,1.532,0.559,8.29,10.499,3.659,1.197,0.79,1.058
31.0,1.827,1.485,0.582,7.528,10.133,3.704,1.13,0.743,1.085
31.0,1.816,1.478,0.581,7.977,10.313,3.734,1.206,0.773,1.061
31.0,1.81,1.36,0.66,6.966,9.841,3.549,1.341,0.708,1.106
31.0,1.811,1.508,0.554,7.828,10.249,3.603,1.197,0.764,1.068
31.0,1.865,1.332,0.7,6.902,9.92,3.558,1.484,0.696,1.135
31.0,1.725,1.526,0.467,7.29,9.884,3.314,1.017,0.738,1.066
31.0,1.604,1.513,0.332,6.889,9.577,3.258,1.024,0.719,1.059
31.0,1.861,1.411,0.652,7.599,10.175,3.655,1.344,0.747,1.084
31.0,1.83,1.507,0.567,7.796,10.307,3.633,1.217,0.756,1.084
31.0,1.842,1.495,0.584,7.399,10.157,3.468,1.102,0.729,1.109
31.0,1.744,1.579,0.424,7.623,10.186,3.598,1.269,0.748,1.083
31.0,1.858,1.481,0.604,7.757,10.297,3.774,1.224,0.753,1.088
31.0,1.868,1.482,0.608,8.045,10.437,3.819,1.298,0.771,1.078
31.0,1.725,1.571,0.413,6.968,9.893,3.442,1.209,0.704,1.118
31.0,1.797,1.565,0.492,7.68,10.257,3.599,1.27,0.749,1.09
31.0,1.853,1.486,0.597,6.825,9.901,3.549,1.058,0.689,1.143
31.0,1.766,1.583,0.444,8.269,10.42,3.574,1.149,0.794,1.045
31.0,1.652,1.419,0.512,6.575,9.449,3.302,0.96,0.696,1.081
31.0,1.913,1.448,0.653,7.781,10.376,3.761,1.223,0.75,1.101
30.0,1.692,1.527,0.431,7.45,10.016,3.473,1.105,0.744,1.072
30.0,1.706,1.406,0.566,6.782,9.682,3.472,1.285,0.701,1.1
30.0,1.752,1.542,0.474,7.855,10.218,3.454,1.16,0.769,1.058
30.0,1.623,1.316,0.585,5.869,9.064,3.252,1.164,0.647,1.114
30.0,1.823,1.497,0.571,7.834,10.27,3.618,1.16,0.763,1.071
30.0,1.595,1.517,0.31,6.838,9.619,3.249,1.068,0.711,1.077
30.0,1.828,1.472,0.594,7.435,10.084,3.563,1.146,0.737,1.088
30.0,1.708,1.435,0.542,6.94,9.696,3.468,1.126,0.716,1.078
30.0,1.671,1.517,0.419,7.111,9.853,3.381,1.119,0.722,1.086
30.0,1.685,1.431,0.528,6.994,9.753,3.47,1.2,0.717,1.082
30.0,1.706,1.598,0.351,7.602,10.114,3.372,1.111,0.752,1.071
30.0,1.621,1.474,0.417,6.935,9.612,3.242,1.087,0.722,1.06
30.0,1.815,1.545,0.525,7.87,10.292,3.589,1.181,0.765,1.071
30.0,1.758,1.443,0.572,7.452,9.927,3.476,1.204,0.751,1.052
30.0,1.708,1.333,0.625,6.236,9.289,3.244,1.178,0.671,1.101
30.0,1.753,1.43,0.579,7.339,9.851,3.439,1.197,0.745,1.052
30.0,1.832,1.436,0.621,7.189,9.95,3.58,1.255,0.722,1.096
30.0,1.8,1.462,0.583,7.626,10.14,3.636,1.224,0.752,1.073
30.0,1.764,1.498,0.527,7.595,10.09,3.478,1.196,0.753,1.067
30.0,1.739,1.517,0.489,7.582,10.077,3.537,1.137,0.752,1.066
30.0,1.728,1.496,0.5,7.191,9.873,3.467,1.089,0.728,1.079
30.0,1.802,1.501,0.553,7.957,10.257,3.589,1.213,0.776,1.052
30.0,1.733,1.447,0.55,7.094,9.828,3.455,1.169,0.722,1.083
30.0,1.717,1.441,0.544,6.929,9.757,3.495,1.228,0.71,1.093
30.0,1.792,1.379,0.639,6.636,9.747,3.583,1.338,0.681,1.139
30.0,1.65,1.439,0.489,6.328,9.413,3.218,1.11,0.672,1.114
30.0,1.663,1.524,0.399,7.086,9.789,3.369,1.06,0.724,1.076
30.0,1.78,1.5,0.539,7.283,9.99,3.441,1.238,0.729,1.091
30.0,1.747,1.469,0.541,7.294,9.973,3.468,1.152,0.731,1.085
30.0,1.633,1.5,0.395,7.143,9.701,3.281,1.062,0.736,1.048
29.0,1.708,1.467,0.512,6.818,9.66,3.393,1.059,0.706,1.089
29.0,1.717,1.392,0.585,6.793,9.647,3.413,1.224,0.704,1.09
29.0,1.732,1.501,0.498,7.538,10.026,3.509,1.204,0.752,1.061
29.0,1.914,1.237,0.763,6.467,9.609,3.544,1.402,0.673,1.136
29.0,1.808,1.451,0.596,7.054,9.885,3.416,1.149,0.714,1.102
29.0,1.729,1.458,0.537,7.434,9.996,3.565,1.183,0.744,1.07
29.0,1.701,1.517,0.452,7.556,9.986,3.411,1.115,0.757,1.05
29.0,1.638,1.524,0.367,6.887,9.73,3.264,1.045,0.708,1.094
29.0,1.756,1.551,0.47,7.699,10.163,3.565,1.156,0.757,1.068
29.0,1.806,1.345,0.667,7.055,9.831,3.523,1.282,0.718,1.09
29.0,1.819,1.458,0.598,7.597,10.071,3.51,1.157,0.754,1.062
29.0,1.696,1.411,0.555,6.978,9.685,3.468,1.213,0.72,1.07
29.0,1.612,1.38,0.517,5.663,8.95,3.099,1.104,0.633,1.125
29.0,1.617,1.518,0.346,6.712,9.596,3.3,1.021,0.7,1.092
29.0,1.72,1.409,0.573,6.628,9.512,3.419,1.113,0.697,1.086
29.0,1.569,1.484,0.324,6.575,9.447,3.178,1.098,0.696,1.08
29.0,1.817,1.515,0.552,7.55,10.153,3.546,1.126,0.744,1.087
29.0,1.713,1.394,0.581,6.77,9.627,3.503,1.103,0.703,1.089
29.0,1.776,1.417,0.603,7.072,9.846,3.556,1.303,0.718,1.091
29.0,1.558,1.471,0.33,6.547,9.366,3.096,0.994,0.699,1.066
29.0,1.7,1.468,0.504,6.686,9.635,3.271,1.056,0.694,1.105
29.0,1.602,1.405,0.48,6.094,9.19,3.195,1.071,0.663,1.103
29.0,1.783,1.415,0.609,7.321,9.901,3.528,1.231,0.739,1.066
29.0,1.766,1.402,0.608,6.871,9.731,3.413,1.141,0.706,1.097
29.0,1.752,1.377,0.618,6.877,9.641,3.54,1.258,0.713,1.076
29.0,1.729,1.424,0.567,6.998,9.729,3.487,1.211,0.719,1.076
29.0,1.591,1.331,0.547,5.698,8.98,3.105,1.138,0.634,1.126
29.0,1.743,1.508,0.502,7.48,10.013,3.544,1.163,0.747,1.067
29.0,1.643,1.415,0.508,6.513,9.431,3.179,1.256,0.691,1.087
29.0,1.787,1.361,0.648,6.799,9.741,3.57,1.354,0.698,1.11
32.0,1.821,1.524,0.547,7.821,10.346,3.659,1.285,0.756,1.089
32.0,1.853,1.305,0.71,6.242,9.56,3.571,1.398,0.653,1.165
32.0,1.861,1.552,0.552,8.258,10.531,3.755,1.174,0.784,1.069
32.0,1.897,1.385,0.683,7.335,10.079,3.617,1.214,0.728,1.102
32.0,1.874,1.498,0.6,7.876,10.362,3.719,1.257,0.76,1.085
32.0,1.845,1.439,0.626,7.359,10.105,3.609,1.294,0.728,1.104
32.0,1.928,1.566,0.583,8.192,10.598,3.739,1.136,0.773,1.091
32.0,1.914,1.53,0.6,8.475,10.657,3.899,1.259,0.795,1.066
32.0,1.747,1.478,0.533,7.022,9.859,3.487,1.215,0.712,1.102
32.0,1.828,1.526,0.551,7.878,10.415,3.64,1.196,0.756,1.096
32.0,1.698,1.612,0.314,6.633,9.737,3.331,1.123,0.681,1.137
32.0,1.817,1.55,0.522,7.772,10.275,3.51,1.124,0.756,1.081
32.0,1.787,1.57,0.478,7.978,10.319,3.547,1.184,0.773,1.062
32.0,1.873,1.601,0.519,8.186,10.576,3.639,1.138,0.774,1.087
32.0,1.888,1.413,0.663,7.645,10.162,3.583,1.237,0.752,1.075
32.0,1.84,1.528,0.557,7.854,10.378,3.819,1.222,0.757,1.091
32.0,1.884,1.389,0.675,7.358,10.082,3.762,1.318,0.73,1.099
32.0,1.746,1.473,0.537,6.987,9.776,3.376,1.179,0.715,1.088
32.0,1.772,1.491,0.54,7.691,10.101,3.536,1.149,0.761,1.056
32.0,1.773,1.405,0.61,7.101,9.879,3.662,1.246,0.719,1.094
32.0,1.9,1.519,0.6,8.319,10.553,3.678,1.245,0.788,1.065
32.0,1.912,1.491,0.626,7.972,10.421,3.752,1.278,0.765,1.084
32.0,1.907,1.432,0.66,7.535,10.273,3.818,1.297,0.733,1.115
32.0,1.72,1.582,0.393,7.842,10.228,3.463,1.08,0.767,1.062
32.0,1.765,1.577,0.449,7.98,10.322,3.625,1.171,0.773,1.063
32.0,1.77,1.554,0.478,7.988,10.321,3.53,1.083,0.774,1.061
32.0,1.579,1.444,0.405,6.591,9.464,3.236,0.949,0.696,1.082
32.0,1.863,1.539,0.564,8.42,10.622,3.877,1.297,0.793,1.066
32.0,1.881,1.578,0.544,8.366,10.616,3.701,1.208,0.788,1.072
32.0,1.749,1.449,0.56,7.269,9.928,3.483,1.154,0.732,1.079
34.0,1.929,1.583,0.572,8.407,10.686,3.815,1.176,0.787,1.081
34.0,2.066,1.437,0.718,8.036,10.63,3.805,1.358,0.756,1.119
34.0,1.728,1.632,0.329,7.686,10.196,3.46,0.981,0.754,1.076
34.0,1.99,1.672,0.543,9.817,11.359,3.888,1.171,0.864,1.046
34.0,1.963,1.647,0.544,8.858,10.979,3.901,1.256,0.807,1.083
34.0,2.024,1.562,0.636,8.974,11.041,3.974,1.285,0.813,1.081
34.0,1.787,1.594,0.453,8.226,10.438,3.503,1.091,0.788,1.054
34.0,2.02,1.599,0.611,9.444,11.249,4.002,1.272,0.84,1.066
34.0,2.038,1.593,0.624,9.194,11.13,3.948,1.303,0.826,1.072
34.0,1.928,1.659,0.509,9.161,11.12,3.943,1.194,0.824,1.074
34.0,1.721,1.562,0.42,7.794,10.232,3.554,1.033,0.762,1.069
34.0,1.894,1.632,0.508,8.783,10.844,3.767,1.061,0.81,1.065
34.0,1.954,1.521,0.628,8.243,10.63,3.719,1.157,0.775,1.091
34.0,1.735,1.551,0.449,7.58,10.072,3.4,1.004,0.753,1.065
34.0,1.942,1.626,0.546,9.217,11.054,3.89,1.208,0.834,1.055
34.0,2.06,1.401,0.733,7.529,10.397,4.037,1.385,0.724,1.143
34.0,2.026,1.519,0.662,8.799,11.014,3.995,1.406,0.799,1.097
34.0,1.99,1.548,0.628,8.957,10.994,3.984,1.192,0.815,1.074
34.0,1.797,1.66,0.384,8.6,10.692,3.621,1.143,0.804,1.058
34.0,1.95,1.354,0.72,7.256,10.209,3.74,1.454,0.711,1.143
34.0,2.006,1.366,0.732,8.074,10.67,3.917,1.354,0.757,1.122
34.0,2.06,1.521,0.675,9.148,11.159,3.977,1.308,0.82,1.083
34.0,2.028,1.478,0.685,8.736,10.979,4.026,1.309,0.796,1.098
34.0,1.807,1.572,0.493,8.035,10.399,3.576,1.124,0.773,1.071
34.0,1.919,1.567,0.578,8.67,10.797,3.891,1.208,0.803,1.07
34.0,1.877,1.648,0.479,8.795,10.875,3.789,1.143,0.809,1.07
34.0,2.034,1.566,0.638,8.859,11.058,3.911,1.328,0.801,1.098
34.0,2.059,1.518,0.676,8.975,11.108,3.99,1.327,0.808,1.094
34.0,1.874,1.492,0.605,8.202,10.519,3.752,1.176,0.78,1.074
34.0,1.991,1.551,0.627,8.151,10.916,4.091,1.376,0.747,1.163
36.0,2.158,1.625,0.658,10.021,11.742,4.342,1.324,0.853,1.095
36.0,2.106,1.576,0.663,9.487,11.449,4.205,1.324,0.829,1.1
36.0,2.037,1.647,0.588,9.291,11.438,4.28,1.304,0.812,1.121
36.0,2.158,1.604,0.669,10.135,11.655,4.138,1.316,0.87,1.067
36.0,2.015,1.613,0.599,9.692,11.351,4.059,1.263,0.854,1.058
36.0,2.076,1.6,0.637,9.097,11.281,4.178,1.313,0.806,1.113
36.0,2.174,1.72,0.612,10.156,11.846,4.312,1.29,0.857,1.099
36.0,2.137,1.567,0.68,9.403,11.372,4.242,1.302,0.827,1.095
36.0,2.051,1.558,0.65,9.226,11.25,4.098,1.331,0.82,1.092
36.0,2.101,1.521,0.69,9.446,11.308,4.077,1.335,0.835,1.077
36.0,2.056,1.605,0.625,9.137,11.187,3.962,1.161,0.817,1.09
36.0,1.982,1.711,0.505,9.667,11.374,3.877,1.128,0.85,1.065
36.0,1.995,1.503,0.657,8.277,10.747,3.958,1.417,0.77,1.11
36.0,2.101,1.614,0.64,9.784,11.547,4.274,1.374,0.847,1.084
36.0,2.065,1.616,0.622,9.685,11.395,4.135,1.232,0.85,1.067
36.0,2.046,1.725,0.537,9.398,11.421,3.932,1.231,0.823,1.105
36.0,2.057,1.479,0.695,8.817,11.08,4.137,1.356,0.796,1.108
36.0,2.116,1.671,0.613,9.901,11.616,4.146,1.291,0.852,1.084
36.0,2.059,1.614,0.621,9.337,11.345,3.922,1.31,0.823,1.097
36.0,2.094,1.634,0.625,9.513,11.467,4.02,1.144,0.83,1.1
36.0,2.086,1.631,0.623,9.367,11.389,4.101,1.213,0.822,1.102
36.0,1.914,1.539,0.594,8.169,10.706,3.796,1.241,0.763,1.116
36.0,2.103,1.665,0.611,9.808,11.645,4.144,1.281,0.842,1.1
36.0,2.089,1.642,0.618,9.62,11.456,4.155,1.263,0.84,1.086
36.0,2.082,1.597,0.642,9.289,11.33,4.154,1.293,0.82,1.1
36.0,2.118,1.428,0.739,8.853,11.064,4.245,1.466,0.8,1.1
36.0,2.025,1.601,0.613,9.271,11.251,4.16,1.303,0.824,1.086
36.0,2.077,1.516,0.683,8.476,11.081,4.241,1.464,0.765,1.153
36.0,2.095,1.557,0.669,9.416,11.33,4.016,1.298,0.831,1.085
36.0,2.011,1.539,0.644,8.94,11.048,4.098,1.267,0.809,1.086
35.0,2.077,1.552,0.664,8.88,11.19,4.156,1.324,0.794,1.122
35.0,2.031,1.578,0.63,9.228,11.237,4.103,1.302,0.821,1.089
35.0,1.906,1.542,0.588,8.211,10.611,3.759,1.15,0.774,1.091
35.0,2.012,1.601,0.606,9.422,11.212,3.932,1.279,0.84,1.062
35.0,2.092,1.604,0.642,9.191,11.27,4.145,1.232,0.816,1.1
35.0,1.847,1.512,0.575,7.898,10.32,3.59,1.216,0.765,1.073
35.0,2.0,1.59,0.607,8.422,10.971,3.94,1.431,0.768,1.137
35.0,2.08,1.621,0.627,9.553,11.435,4.087,1.27,0.835,1.089
35.0,1.941,1.593,0.572,8.955,10.961,3.711,1.175,0.817,1.068
35.0,1.874,1.643,0.481,9.022,10.929,3.843,1.176,0.826,1.053
35.0,1.952,1.605,0.569,8.627,10.979,4.016,1.276,0.786,1.112
35.0,1.966,1.473,0.662,8.026,10.651,3.729,1.194,0.754,1.125
35.0,1.995,1.592,0.602,8.87,11.098,3.994,1.185,0.799,1.105
35.0,1.947,1.668,0.516,9.237,11.128,3.963,1.173,0.83,1.067
35.0,1.966,1.621,0.566,9.302,11.142,3.841,1.215,0.835,1.062
35.0,2.031,1.617,0.606,9.086,11.196,4.034,1.197,0.812,1.098
35.0,1.882,1.657,0.474,9.045,10.954,3.745,1.123,0.826,1.056
35.0,2.035,1.623,0.604,9.469,11.316,3.87,1.204,0.837,1.076
35.0,1.912,1.541,0.592,8.387,10.71,3.856,1.224,0.783,1.088
35.0,2.037,1.516,0.668,8.636,10.917,3.972,1.261,0.791,1.098
35.0,2.084,1.397,0.742,8.189,10.821,4.149,1.455,0.757,1.138
35.0,1.933,1.561,0.59,8.648,10.801,3.811,1.195,0.801,1.074
35.0,1.979,1.554,0.619,8.772,10.961,4.0,1.26,0.8,1.09
35.0,1.982,1.705,0.51,9.711,11.411,3.983,1.142,0.851,1.067
35.0,2.064,1.498,0.688,8.575,11.018,4.109,1.337,0.778,1.127
35.0,1.932,1.563,0.588,8.333,10.707,3.812,1.254,0.778,1.095
35.0,2.021,1.609,0.605,9.198,11.239,3.947,1.278,0.818,1.093
35.0,2.033,1.601,0.616,8.837,11.08,4.023,1.306,0.798,1.106
35.0,2.016,1.613,0.6,8.918,11.058,4.076,1.23,0.806,1.091
35.0,1.904,1.584,0.555,8.574,10.742,3.809,1.112,0.798,1.071
38.0,2.331,1.603,0.726,10.175,12.058,4.701,1.464,0.844,1.137
38.0,1.911,1.786,0.356,9.422,11.353,3.846,1.035,0.83,1.089
38.0,2.281,1.512,0.749,9.177,11.6,4.539,1.475,0.791,1.167
38.0,2.248,1.673,0.668,10.937,12.191,4.361,1.356,0.897,1.081
38.0,2.325,1.647,0.706,10.534,12.112,4.581,1.38,0.87,1.108
38.0,2.114,1.691,0.6,9.712,11.601,4.18,1.218,0.837,1.103
38.0,2.228,1.645,0.674,9.744,11.795,4.335,1.5,0.826,1.136
38.0,2.256,1.677,0.669,10.345,12.069,4.33,1.251,0.857,1.121
38.0,2.289,1.681,0.679,11.021,12.332,4.441,1.306,0.894,1.098
38.0,2.2,1.581,0.695,9.683,11.726,4.38,1.386,0.826,1.13
38.0,2.22,1.688,0.65,10.435,12.022,4.519,1.296,0.868,1.102
38.0,2.214,1.696,0.643,10.394,12.016,4.39,1.351,0.865,1.105
38.0,2.225,1.645,0.673,10.282,11.972,4.348,1.464,0.859,1.109
38.0,2.225,1.688,0.651,10.23,11.944,4.402,1.284,0.856,1.11
38.0,2.353,1.569,0.745,10.367,12.151,4.53,1.475,0.853,1.133
38.0,2.246,1.658,0.675,10.683,12.125,4.603,1.347,0.881,1.095
38.0,2.165,1.641,0.652,10.229,11.829,4.323,1.331,0.865,1.089
38.0,2.264,1.65,0.685,10.906,12.213,4.522,1.398,0.893,1.088
38.0,2.298,1.618,0.71,10.643,12.092,4.44,1.379,0.88,1.093
38.0,2.236,1.681,0.659,10.549,12.086,4.474,1.331,0.873,1.102
38.0,2.052,1.729,0.539,10.282,11.667,4.048,1.129,0.881,1.054
38.0,2.258,1.685,0.666,10.16,11.962,4.538,1.298,0.849,1.121
38.0,2.21,1.708,0.635,10.34,12.035,4.396,1.408,0.859,1.115
38.0,2.311,1.619,0.713,10.646,12.16,4.58,1.4,0.876,1.105
38.0,1.943,1.685,0.498,9.618,11.284,3.951,1.079,0.852,1.054
38.0,2.243,1.596,0.703,10.55,11.994,4.506,1.366,0.88,1.085
38.0,2.176,1.581,0.687,10.051,11.694,4.307,1.383,0.859,1.083
38.0,2.181,1.705,0.624,10.687,12.058,4.235,1.274,0.886,1.083
38.0,2.252,1.663,0.674,10.76,12.05,4.276,1.282,0.893,1.074
38.0,2.265,1.546,0.731,9.818,11.803,4.455,1.388,0.832,1.129
42.0,2.542,1.719,0.737,12.141,13.091,4.79,1.383,0.927,1.123
42.0,2.536,1.817,0.698,12.697,13.336,5.068,1.361,0.952,1.115
42.0,2.821,1.547,0.836,12.349,13.488,5.132,1.711,0.916,1.172
42.0,2.63,1.622,0.787,11.409,12.984,5.115,1.463,0.879,1.176
42.0,2.468,1.802,0.683,12.956,13.296,4.896,1.325,0.974,1.086
42.0,2.576,1.838,0.701,13.596,13.932,5.303,1.429,0.976,1.136
42.0,2.321,1.805,0.629,12.0,12.778,4.675,1.262,0.939,1.083
42.0,2.452,1.796,0.681,12.06,13.103,5.028,1.348,0.92,1.133
42.0,2.7,1.734,0.766,13.692,13.809,5.235,1.527,0.992,1.108
42.0,2.574,1.843,0.698,13.798,13.79,5.104,1.378,1.001,1.097
42.0,2.534,1.855,0.681,13.188,13.591,5.169,1.389,0.97,1.115
42.0,2.523,1.814,0.695,13.038,13.496,5.069,1.436,0.966,1.112
42.0,2.526,1.847,0.682,13.326,13.612,4.991,1.361,0.979,1.106
42.0,2.607,1.8,0.724,13.062,13.514,5.048,1.433,0.967,1.113
42.0,2.537,1.881,0.671,13.445,13.607,4.964,1.274,0.988,1.096
42.0,2.649,1.825,0.725,12.82,13.516,5.044,1.442,0.948,1.134
42.0,2.435,1.818,0.665,12.754,13.301,4.898,1.35,0.959,1.104
42.0,2.562,1.753,0.729,12.985,13.456,5.11,1.373,0.965,1.11
42.0,2.474,1.822,0.676,12.402,13.18,4.943,1.373,0.941,1.115
42.0,2.519,1.886,0.663,12.996,13.444,4.944,1.395,0.967,1.107
42.0,2.412,1.894,0.619,12.369,13.246,4.997,1.276,0.934,1.129
42.0,2.633,1.714,0.759,13.056,13.519,5.155,1.544,0.966,1.114
42.0,2.541,1.816,0.7,12.588,13.42,5.01,1.42,0.938,1.138
42.0,2.533,1.8,0.704,13.097,13.495,5.0,1.43,0.971,1.107
42.0,2.448,1.798,0.679,12.795,13.269,4.994,1.353,0.964,1.095
42.0,2.223,1.894,0.524,11.549,12.569,4.437,1.245,0.919,1.088
42.0,2.49,1.757,0.709,12.681,13.241,4.916,1.406,0.958,1.1
42.0,2.654,1.724,0.76,13.289,13.716,5.293,1.568,0.969,1.126
42.0,2.71,1.744,0.766,12.986,13.743,5.248,1.53,0.945,1.157
42.0,2.286,1.649,0.692,10.644,12.271,4.509,1.382,0.867,1.126
41.0,2.46,1.723,0.714,11.961,12.977,4.998,1.435,0.922,1.12
41.0,2.372,1.802,0.65,12.297,12.907,4.695,1.297,0.953,1.078
41.0,2.036,1.812,0.456,10.507,11.978,4.135,1.081,0.877,1.087
41.0,2.461,1.72,0.715,11.95,12.976,4.934,1.377,0.921,1.121
41.0,2.382,1.868,0.62,11.908,12.975,4.849,1.298,0.918,1.125
41.0,2.456,1.797,0.682,12.725,13.244,4.964,1.434,0.961,1.097
41.0,2.263,1.793,0.61,11.316,12.624,4.536,1.251,0.896,1.121
41.0,2.479,1.736,0.714,12.464,13.198,4.909,1.441,0.944,1.112
41.0,2.573,1.786,0.72,12.706,13.435,5.06,1.382,0.946,1.13
41.0,2.253,1.685,0.664,10.595,12.177,4.653,1.369,0.87,1.114
41.0,2.527,1.68,0.747,12.333,13.148,4.963,1.451,0.938,1.115
41.0,2.449,1.599,0.757,11.581,12.767,4.919,1.473,0.907,1.12
41.0,2.473,1.771,0.698,12.219,13.122,4.894,1.356,0.931,1.121
41.0,2.334,1.786,0.644,12.066,12.767,4.587,1.313,0.945,1.075
41.0,2.412,1.882,0.625,13.131,13.294,4.852,1.31,0.988,1.071
41.0,2.386,1.744,0.682,12.062,12.913,4.798,1.341,0.934,1.1
41.0,2.557,1.642,0.767,12.208,13.099,4.929,1.482,0.932,1.118
41.0,2.382,1.775,0.667,11.993,12.776,4.688,1.309,0.939,1.083
41.0,2.487,1.831,0.677,12.611,13.351,4.962,1.384,0.945,1.125
41.0,2.47,1.773,0.696,12.98,13.324,5.062,1.466,0.974,1.088
41.0,2.517,1.669,0.748,12.328,13.159,5.073,1.483,0.937,1.118
41.0,2.672,1.742,0.758,12.428,13.383,5.2,1.452,0.929,1.147
41.0,2.278,1.754,0.638,11.472,12.452,4.471,1.216,0.921,1.076
41.0,2.456,1.729,0.71,12.298,12.978,4.712,1.307,0.948,1.09
41.0,2.51,1.721,0.728,11.925,13.206,5.157,1.602,0.903,1.164
41.0,2.261,1.682,0.668,11.22,12.341,4.565,1.357,0.909,1.08
41.0,2.457,1.767,0.695,11.749,12.95,4.835,1.308,0.907,1.136
41.0,2.497,1.669,0.744,12.056,12.972,4.817,1.449,0.929,1.111
41.0,2.279,1.732,0.65,11.589,12.609,4.595,1.253,0.919,1.092
41.0,2.188,1.798,0.57,11.032,12.264,4.439,1.226,0.9,1.085
40.0,2.48,1.659,0.743,11.649,12.9,4.982,1.509,0.903,1.137
40.0,2.235,1.674,0.662,10.825,12.174,4.333,1.322,0.889,1.09
40.0,2.456,1.656,0.738,11.086,12.743,4.716,1.557,0.87,1.166
40.0,2.31,1.708,0.674,11.09,12.438,4.538,1.33,0.892,1.11
40.0,2.438,1.641,0.74,11.362,12.706,4.817,1.435,0.894,1.131
40.0,2.169,1.761,0.584,10.928,12.246,4.44,1.27,0.892,1.092
40.0,2.361,1.756,0.669,12.021,12.807,4.799,1.367,0.939,1.086
40.0,2.366,1.734,0.681,12.296,12.925,4.809,1.318,0.951,1.081
40.0,2.392,1.689,0.708,11.599,12.721,4.687,1.405,0.912,1.11
40.0,2.37,1.809,0.646,12.29,12.968,4.782,1.405,0.948,1.089
40.0,2.524,1.65,0.757,11.641,12.885,4.908,1.486,0.904,1.135
40.0,2.486,1.569,0.776,10.823,12.406,4.473,1.461,0.872,1.132
40.0,2.473,1.746,0.708,11.604,12.999,4.954,1.605,0.893,1.159
40.0,2.386,1.661,0.718,11.388,12.563,4.664,1.367,0.906,1.103
40.0,2.47,1.559,0.776,10.562,12.33,4.613,1.501,0.857,1.146
40.0,2.074,1.738,0.546,10.545,11.847,4.16,1.227,0.89,1.059
40.0,2.278,1.747,0.642,11.303,12.421,4.527,1.276,0.91,1.086
40.0,2.405,1.671,0.719,11.801,12.819,4.956,1.472,0.921,1.108
40.0,2.464,1.703,0.723,12.014,12.94,4.769,1.451,0.928,1.109
40.0,2.178,1.818,0.551,10.447,12.087,4.347,1.227,0.864,1.113
40.0,2.435,1.647,0.736,11.453,12.669,4.807,1.409,0.904,1.115
40.0,2.291,1.87,0.578,12.125,12.865,4.544,1.235,0.943,1.086
40.0,2.211,1.595,0.693,10.332,11.888,4.41,1.355,0.869,1.088
40.0,2.327,1.766,0.651,11.665,12.741,4.752,1.336,0.916,1.107
40.0,2.376,1.798,0.654,11.171,12.61,4.621,1.365,0.886,1.133
40.0,2.502,1.748,0.716,12.448,13.14,4.903,1.474,0.947,1.104
40.0,2.33,1.732,0.669,11.01,12.633,4.621,1.369,0.871,1.154
40.0,2.39,1.72,0.694,11.746,12.73,4.762,1.383,0.923,1.098
40.0,2.418,1.666,0.725,11.282,12.655,4.922,1.558,0.892,1.13
40.0,2.415,1.682,0.718,11.439,12.709,4.801,1.369,0.9,1.124
37.0,1.916,1.763,0.392,9.33,11.278,3.956,1.179,0.827,1.085
37.0,2.061,1.7,0.565,9.694,11.491,4.172,1.197,0.844,1.084
37.0,2.117,1.633,0.636,10.349,11.758,4.329,1.299,0.88,1.063
37.0,2.022,1.723,0.523,9.709,11.563,3.934,1.169,0.84,1.096
37.0,2.181,1.423,0.758,8.824,11.222,4.316,1.511,0.786,1.136
37.0,2.222,1.587,0.7,10.11,11.791,4.236,1.364,0.857,1.094
37.0,2.039,1.669,0.574,9.912,11.535,4.183,1.32,0.859,1.068
37.0,2.039,1.674,0.571,9.497,11.409,4.153,1.263,0.832,1.091
37.0,2.191,1.602,0.682,10.151,11.836,4.404,1.345,0.858,1.098
37.0,2.105,1.611,0.644,9.22,11.419,4.164,1.223,0.807,1.125
37.0,2.259,1.558,0.724,8.745,11.262,3.985,1.341,0.777,1.154
37.0,2.239,1.624,0.688,10.004,11.853,4.441,1.361,0.844,1.117
37.0,2.139,1.625,0.65,9.822,11.555,4.273,1.29,0.85,1.082
37.0,1.956,1.518,0.631,8.2,10.737,4.036,1.298,0.764,1.119
37.0,2.081,1.685,0.587,10.244,11.687,4.093,1.23,0.877,1.061
37.0,2.073,1.703,0.57,10.294,11.766,4.155,1.225,0.875,1.07
37.0,2.06,1.653,0.597,9.586,11.44,4.111,1.233,0.838,1.086
37.0,2.199,1.691,0.639,10.892,12.08,4.387,1.272,0.902,1.066
37.0,2.202,1.694,0.639,9.573,11.679,4.257,1.258,0.82,1.134
37.0,2.162,1.724,0.603,10.659,12.022,4.174,1.289,0.887,1.079
37.0,2.151,1.656,0.638,9.06,11.52,4.252,1.354,0.786,1.166
37.0,2.155,1.457,0.737,7.986,11.051,4.218,1.587,0.723,1.217
37.0,2.022,1.496,0.673,8.679,11.02,4.04,1.354,0.788,1.113
37.0,2.139,1.635,0.645,9.655,11.627,4.246,1.367,0.83,1.114
37.0,2.197,1.724,0.62,11.155,12.184,4.334,1.255,0.916,1.059
37.0,2.286,1.56,0.731,9.95,11.872,4.443,1.391,0.838,1.127
37.0,2.231,1.64,0.678,10.399,12.018,4.432,1.334,0.865,1.105
37.0,2.089,1.623,0.63,9.627,11.519,4.213,1.192,0.836,1.097
37.0,2.28,1.551,0.733,10.341,11.953,4.509,1.524,0.865,1.1
37.0,2.134,1.652,0.634,10.245,11.777,4.267,1.261,0.87,1.077
33.0,1.89,1.425,0.657,7.525,10.232,3.81,1.399,0.735,1.107
33.0,1.76,1.595,0.423,8.166,10.366,3.486,1.086,0.788,1.047
33.0,1.953,1.572,0.593,8.774,10.849,3.851,1.194,0.809,1.067
33.0,1.88,1.502,0.601,7.538,10.207,3.549,1.168,0.739,1.1
33.0,1.907,1.596,0.547,8.007,10.606,3.809,1.206,0.755,1.118
33.0,1.891,1.512,0.601,7.572,10.251,3.637,1.228,0.739,1.104
33.0,1.775,1.471,0.559,7.488,10.071,3.633,1.217,0.743,1.078
33.0,1.864,1.475,0.611,7.32,10.07,3.609,1.082,0.727,1.102
33.0,1.907,1.523,0.602,8.373,10.667,3.854,1.259,0.785,1.081
33.0,1.851,1.533,0.561,8.292,10.58,3.868,1.226,0.784,1.074
33.0,1.953,1.379,0.708,7.507,10.264,3.831,1.407,0.731,1.117
33.0,1.962,1.541,0.619,8.266,10.684,3.782,1.371,0.774,1.099
33.0,1.848,1.654,0.445,8.436,10.728,3.7,1.15,0.786,1.086
33.0,1.935,1.506,0.628,8.18,10.592,3.776,1.272,0.772,1.091
33.0,1.914,1.388,0.688,7.446,10.274,3.802,1.423,0.725,1.128
33.0,1.937,1.516,0.622,8.618,10.769,3.828,1.264,0.8,1.071
33.0,1.994,1.515,0.651,8.614,10.803,3.846,1.195,0.797,1.078
33.0,1.941,1.473,0.652,7.897,10.494,3.885,1.223,0.752,1.11
33.0,2.026,1.451,0.698,8.416,10.799,3.993,1.397,0.779,1.103
33.0,1.911,1.554,0.582,8.333,10.705,3.897,1.202,0.778,1.094
33.0,1.944,1.521,0.623,7.958,10.519,3.803,1.318,0.757,1.106
33.0,1.912,1.538,0.594,8.408,10.7,3.932,1.264,0.786,1.084
33.0,1.95,1.527,0.622,8.554,10.814,3.872,1.361,0.791,1.088
33.0,1.806,1.517,0.543,7.223,10.117,3.618,1.217,0.714,1.128
33.0,2.008,1.499,0.665,8.545,10.781,3.912,1.374,0.793,1.082
33.0,1.956,1.603,0.573,8.45,10.817,3.882,1.272,0.781,1.102
33.0,1.907,1.58,0.56,8.811,10.789,3.697,1.138,0.817,1.051
33.0,1.956,1.421,0.687,7.499,10.35,3.915,1.347,0.724,1.137
33.0,1.964,1.563,0.605,7.809,10.532,3.908,1.195,0.741,1.13
33.0,1.979,1.516,0.643,8.037,10.601,3.882,1.237,0.758,1.113
39.0,2.286,1.714,0.662,11.102,12.322,4.401,1.263,0.901,1.088
39.0,2.079,1.659,0.602,9.574,11.447,4.127,1.209,0.836,1.089
39.0,2.256,1.778,0.616,11.299,12.438,4.332,1.302,0.908,1.09
39.0,2.294,1.697,0.673,11.17,12.446,4.535,1.35,0.898,1.103
39.0,2.241,1.525,0.733,9.906,11.769,4.476,1.465,0.842,1.113
39.0,2.266,1.636,0.692,10.459,12.16,4.62,1.542,0.86,1.125
39.0,2.335,1.729,0.672,11.231,12.547,4.684,1.38,0.895,1.116
39.0,2.182,1.748,0.599,10.734,12.111,4.31,1.248,0.886,1.087
39.0,2.306,1.534,0.747,10.137,11.944,4.648,1.502,0.849,1.12
39.0,2.326,1.723,0.672,11.46,12.57,4.691,1.382,0.912,1.097
39.0,2.187,1.728,0.613,10.508,12.054,4.4,1.389,0.872,1.1
39.0,1.948,1.668,0.516,9.269,11.093,3.851,1.151,0.836,1.056
39.0,2.248,1.763,0.62,10.82,12.319,4.509,1.362,0.878,1.116
39.0,2.331,1.711,0.679,10.999,12.321,4.379,1.266,0.893,1.098
39.0,2.095,1.733,0.562,9.945,11.74,4.155,1.224,0.847,1.103
39.0,2.257,1.651,0.682,10.762,12.249,4.473,1.299,0.879,1.109
39.0,2.316,1.735,0.662,11.375,12.508,4.484,1.343,0.909,1.095
39.0,2.377,1.463,0.788,9.171,11.685,4.526,1.513,0.785,1.185
39.0,2.34,1.738,0.67,11.402,12.534,4.648,1.308,0.91,1.096
39.0,2.116,1.705,0.592,10.299,11.858,4.186,1.197,0.868,1.087
39.0,2.045,1.786,0.487,10.47,11.871,4.166,1.182,0.882,1.071
39.0,2.303,1.702,0.673,10.059,11.948,4.462,1.248,0.842,1.129
39.0,2.235,1.688,0.655,10.588,12.179,4.488,1.301,0.869,1.115
39.0,2.255,1.69,0.662,10.558,12.168,4.513,1.314,0.868,1.116
39.0,2.208,1.73,0.621,10.972,12.268,4.566,1.275,0.894,1.092
39.0,2.309,1.78,0.637,10.875,12.416,4.533,1.379,0.876,1.128
39.0,2.279,1.586,0.718,10.404,12.122,4.369,1.48,0.858,1.124
39.0,2.313,1.598,0.723,10.547,12.202,4.746,1.431,0.864,1.123
39.0,2.273,1.661,0.682,10.773,12.14,4.448,1.327,0.887,1.089
39.0,2.229,1.775,0.605,11.031,12.299,4.406,1.196,0.897,1.091
43.0,2.596,1.894,0.684,14.199,14.02,5.236,1.329,1.013,1.102
43.0,2.686,1.775,0.751,13.434,13.792,5.159,1.424,0.974,1.127
43.0,2.658,1.827,0.726,14.292,14.094,5.181,1.476,1.014,1.106
43.0,2.737,1.727,0.776,13.266,13.99,5.522,1.513,0.948,1.174
43.0,2.69,1.769,0.753,13.461,13.841,5.294,1.506,0.973,1.133
43.0,2.622,1.849,0.709,14.027,13.967,5.358,1.454,1.004,1.107
43.0,2.436,1.801,0.673,12.541,13.247,5.044,1.382,0.947,1.113
43.0,2.635,1.839,0.716,13.858,13.863,5.044,1.435,1.0,1.104
43.0,2.594,1.961,0.655,14.744,14.134,5.083,1.392,1.043,1.078
43.0,2.744,1.828,0.746,14.727,14.377,5.375,1.505,1.024,1.117
43.0,2.76,1.788,0.762,13.967,14.13,5.38,1.478,0.988,1.138
43.0,2.386,1.596,0.743,10.948,12.424,4.584,1.442,0.881,1.122
43.0,2.619,1.869,0.7,13.43,13.926,5.258,1.418,0.964,1.149
43.0,2.803,1.735,0.786,13.802,14.238,5.505,1.593,0.969,1.169
43.0,2.507,1.864,0.669,13.135,13.51,4.904,1.314,0.972,1.106
43.0,2.365,1.828,0.634,12.112,12.909,4.646,1.323,0.938,1.095
43.0,2.466,1.916,0.63,13.775,13.588,4.885,1.248,1.014,1.067
43.0,2.742,1.849,0.738,14.72,14.347,5.533,1.523,1.026,1.113
43.0,2.749,1.823,0.748,14.135,14.085,5.164,1.49,1.004,1.117
43.0,2.696,1.575,0.812,12.1,13.433,5.384,1.669,0.901,1.187
43.0,2.667,1.735,0.759,12.932,13.814,5.552,1.545,0.936,1.174
43.0,2.706,1.785,0.752,13.821,13.932,5.328,1.536,0.992,1.118
43.0,2.65,1.834,0.722,13.93,14.111,5.545,1.504,0.987,1.138
43.0,2.805,1.646,0.81,13.152,13.949,5.419,1.641,0.943,1.177
43.0,2.579,1.759,0.731,13.394,13.567,5.051,1.438,0.987,1.094
43.0,2.628,1.818,0.722,13.144,13.736,5.272,1.392,0.957,1.142
43.0,2.627,1.82,0.721,13.478,13.788,5.272,1.403,0.978,1.122
43.0,2.639,1.833,0.719,13.678,13.9,5.307,1.369,0.984,1.124
43.0,2.64,1.86,0.71,13.431,13.696,5.032,1.376,0.981,1.111
43.0,2.693,1.831,0.733,13.495,13.852,5.331,1.379,0.974,1.131
44.0,2.91,1.895,0.759,16.359,15.158,5.813,1.484,1.079,1.118
44.0,2.81,1.891,0.74,14.975,14.509,5.63,1.531,1.032,1.119
44.0,2.904,1.845,0.772,15.867,14.821,5.623,1.524,1.071,1.102
44.0,2.599,1.927,0.671,13.838,13.86,4.85,1.27,0.998,1.105
44.0,2.738,1.803,0.752,14.555,14.327,5.578,1.579,1.016,1.122
44.0,2.772,1.747,0.776,12.873,13.885,5.404,1.544,0.927,1.192
44.0,2.748,1.63,0.805,12.744,13.735,5.576,1.544,0.928,1.178
44.0,2.694,1.863,0.722,14.633,14.334,5.442,1.517,1.021,1.117
44.0,2.911,1.877,0.764,15.918,14.914,5.731,1.591,1.067,1.112
44.0,2.644,1.963,0.67,14.583,14.23,5.343,1.473,1.025,1.105
44.0,2.936,1.787,0.793,14.933,14.766,5.718,1.64,1.011,1.162
44.0,2.704,1.923,0.703,15.07,14.535,5.454,1.419,1.037,1.116
44.0,2.908,1.799,0.786,15.312,14.725,5.787,1.633,1.04,1.127
44.0,2.837,1.906,0.741,14.908,14.613,5.64,1.481,1.02,1.14
44.0,2.75,1.825,0.748,14.734,14.322,5.348,1.546,1.029,1.108
44.0,2.919,1.803,0.786,14.577,14.475,5.433,1.515,1.007,1.144
44.0,2.761,1.89,0.729,15.586,14.671,5.597,1.455,1.062,1.099
44.0,2.84,1.912,0.739,15.581,14.814,5.628,1.469,1.052,1.121
44.0,2.842,1.872,0.752,15.777,14.854,5.777,1.566,1.062,1.113
44.0,2.914,1.871,0.767,15.238,14.696,5.561,1.554,1.037,1.128
44.0,2.885,1.774,0.789,13.922,14.197,5.467,1.396,0.981,1.152
44.0,2.786,1.811,0.76,13.346,13.856,5.238,1.429,0.963,1.145
44.0,2.623,1.894,0.692,14.284,13.962,4.998,1.354,1.023,1.086
44.0,2.479,1.791,0.691,12.91,13.431,5.088,1.377,0.961,1.112
44.0,2.653,1.862,0.712,14.229,13.996,5.099,1.378,1.017,1.095
44.0,2.636,1.931,0.681,14.798,14.263,5.373,1.455,1.038,1.094
44.0,2.532,1.746,0.724,12.606,13.418,5.173,1.298,0.94,1.137
44.0,2.875,1.837,0.769,15.304,14.679,5.573,1.573,1.043,1.12
44.0,2.828,1.898,0.741,15.111,14.706,5.717,1.462,1.028,1.139
44.0,2.856,1.904,0.745,15.791,14.866,5.735,1.525,1.062,1.114
45.0,2.951,1.883,0.77,15.555,15.052,5.67,1.501,1.033,1.159
45.0,2.895,1.839,0.772,15.131,14.738,5.745,1.547,1.027,1.142
45.0,2.922,1.883,0.765,15.052,14.829,5.802,1.553,1.015,1.163
45.0,2.918,1.976,0.736,15.354,14.968,5.82,1.456,1.026,1.161
45.0,2.978,1.983,0.746,16.885,15.432,6.009,1.535,1.094,1.122
45.0,2.945,1.989,0.737,16.505,15.23,5.857,1.448,1.084,1.118
45.0,3.052,1.846,0.796,16.082,15.33,5.876,1.552,1.049,1.163
45.0,2.67,1.845,0.723,12.758,13.812,5.374,1.439,0.924,1.19
45.0,3.058,1.811,0.806,15.467,15.103,5.991,1.675,1.024,1.173
45.0,3.001,1.73,0.817,14.831,14.746,5.766,1.69,1.006,1.167
45.0,2.725,1.898,0.717,14.062,14.18,5.346,1.43,0.992,1.138
45.0,2.95,1.926,0.757,16.395,15.208,5.856,1.543,1.078,1.123
45.0,2.879,1.773,0.788,13.063,14.366,5.867,1.639,0.909,1.257
45.0,3.013,1.912,0.773,16.145,15.238,5.778,1.512,1.059,1.145
45.0,2.888,1.851,0.768,14.349,14.557,5.608,1.547,0.986,1.175
45.0,2.803,1.918,0.729,15.18,14.654,5.682,1.458,1.036,1.126
45.0,3.007,1.928,0.767,16.586,15.436,6.121,1.61,1.075,1.143
45.0,2.93,1.915,0.757,15.112,15.049,5.885,1.607,1.004,1.193
45.0,2.77,1.864,0.74,14.448,14.28,5.474,1.464,1.012,1.123
45.0,2.983,2.025,0.734,17.423,15.572,6.024,1.495,1.119,1.108
45.0,2.86,1.9,0.747,15.716,14.978,5.851,1.491,1.049,1.136
45.0,3.073,1.93,0.778,16.188,15.256,5.947,1.475,1.061,1.144
45.0,2.788,1.882,0.738,13.922,14.332,5.492,1.388,0.971,1.174
45.0,2.816,1.909,0.735,15.637,14.777,5.699,1.505,1.058,1.111
45.0,3.002,2.001,0.745,17.689,15.615,5.949,1.499,1.133,1.097
45.0,3.107,1.888,0.794,16.231,15.393,5.868,1.591,1.054,1.162
45.0,2.844,1.942,0.731,14.365,14.435,5.137,1.334,0.995,1.154
45.0,2.737,1.827,0.745,14.574,14.399,5.37,1.399,1.012,1.132
45.0,2.829,1.858,0.754,15.211,14.636,5.614,1.54,1.039,1.121
45.0,2.938,1.924,0.756,16.596,15.206,5.764,1.522,1.091,1.109
